id,name_clean,duration_minutes,artists,artist_list,primary_artist,artist_count
026O2YP2wRl9h3Ht9ClZST,Steady Rain in a Forest with Light Background Bird Chirping (Storm Ambience Sound Effects),100,Nature Sounds,['Nature Sounds'],Nature Sounds,1
0DXnjJxJBvgMvBjG6Jug7I,Soundarya Lahari,66,Mambalam Sisters,['Mambalam Sisters'],Mambalam Sisters,1
6BFn78qFy9bRqKHTMfhnNv,Waves of Abundance & Fullfillment,60,Zen Life Relax,['Zen Life Relax'],Zen Life Relax,1
1dNwMOMtq3yflXibbqgLku,Mosquito Solution Anti Teen Street Party or Teenagers Loitering,45,Device Sound Effect,['Device Sound Effect'],Device Sound Effect,1
290gfei8moWWSh8qTVkTT3,Ibiza Sunset Tibetan Singing Bowl Sessions 7 (Wipe out All Negativity Inside You),44,Tibetan Singing Bowls,['Tibetan Singing Bowls'],Tibetan Singing Bowls,1
23ordmf2KkRfHh9zE9RVyq,佃祭,35,Gontaro Yanagiya,['Gontaro Yanagiya'],Gontaro Yanagiya,1
47iSvlaCBugj3HrGZDZYcO,Tālā Gaisma (Distant Light),33,"Pēteris Vasks, O/Modernt Chamber Orchestra, Hugo Ticciati","['Pēteris Vasks', 'O/Modernt Chamber Orchestra', 'Hugo Ticciati']",Pēteris Vasks,3
6fKZZf5Mws3hr31ZAvCOcs,Asmr Tea Massage Roleplay,32,Jessica Cross,['Jessica Cross'],Jessica Cross,1
4J08TVw9zNYeBUtSDIkLP6,Snuggling Up,31,Relaxmydog,['Relaxmydog'],Relaxmydog,1
1IPbXZ2OblHvSUY3Mj58iv,"Keep Driving, I’m Dreaming",30,"Nicole Lizée, Canada's National Arts Centre Orchestra, Alexander Shelley","['Nicole Lizée', ""Canada's National Arts Centre Orchestra"", 'Alexander Shelley']",Nicole Lizée,3
0PHROMTH9aS7EP55Zqp5rU,DMT OBE Out of Body Experience Activation Frequency Spiritual Psychedelic Trip Sleep Meditation Music,30,LOKOS TV Now Meditation Music,['LOKOS TV Now Meditation Music'],LOKOS TV Now Meditation Music,1
4iipnIv7pu7ZJGnero0NRu,Music for Forests,29,Len Leise,['Len Leise'],Len Leise,1
3eSdS8uOOWA4WxpoY1iIWu,Uplift Yourself,29,Sapien Medicine,['Sapien Medicine'],Sapien Medicine,1
27irP8iu2u5ppj1v8uhogx,Sourat An Naml,28,Al Sheikh Ahmad Alnufais,['Al Sheikh Ahmad Alnufais'],Al Sheikh Ahmad Alnufais,1
5JCaWBCMRZS8bjD9jTJas0,Ankh Uthi Mohabat Ne,28,Nusrat Fateh Ali Khan,['Nusrat Fateh Ali Khan'],Nusrat Fateh Ali Khan,1
5vykLdfQeSwalNo8yuzdFW,塩原多助一代記-あお(青馬)の別れ-2/2,27,Utamaru Katsura,['Utamaru Katsura'],Utamaru Katsura,1
41HGS4mcFudFQUCMrO7WPo,"Livemiles II - Live in Berlin, Germany, 1987",27,Tangerine Dream,['Tangerine Dream'],Tangerine Dream,1
56xj0CztQ1OCzvUamYBoHz,Other Planes of There,22,Sun Ra,['Sun Ra'],Sun Ra,1
4l2wxY7OovHcSBjSiUGfxj,Videla (Parte 1),21,"Felipe Pigna, Roberto Martínez","['Felipe Pigna', 'Roberto Martínez']",Felipe Pigna,2
1QV0W3OA8McFoE0NQL8MyX,Ar-Rum,20,Edres Abkar,['Edres Abkar'],Edres Abkar,1
6pzK39KuFvRt6F7Z7m279Q,Nirvana,20,Satorio,['Satorio'],Satorio,1
7yKuGwczYDibU86nvluyEm,Mental and Physical Relaxation - Remastered,20,"Emmett Miller, Steven Halpern","['Emmett Miller', 'Steven Halpern']",Emmett Miller,2
5MHQpgP8IhG6nboW7mblVR,Senior 20 Minute Cardio Workout Mix (100 Bpm),20,Blue Claw Fitness,['Blue Claw Fitness'],Blue Claw Fitness,1
5JIlNKHZZmIawokNxBVomi,Tite Karili,18,Tha Lero,['Tha Lero'],Tha Lero,1
5R5WKxp06Od9s05oUxSAsr,"Symphony No. 7 in E Major, WAB 107 (Modified 1885 Version, Ed. A. Gutmann): I. Allegro moderato [Live]",18,"Anton Bruckner, Bavarian Radio Symphony Orchestra, Otto Klemperer","['Anton Bruckner', 'Bavarian Radio Symphony Orchestra', 'Otto Klemperer']",Anton Bruckner,3
5h0ufQcO9IhzrU13vQXFc7,"Parenting, The West, Maharajji",16,"Krishna Das, Sharon Salzberg","['Krishna Das', 'Sharon Salzberg']",Krishna Das,2
1BvPMdT9m0vCtFuPKAOo8d,"Kumikyoku ""Lucky Star Doga""",15,Lucky Star no Minna,['Lucky Star no Minna'],Lucky Star no Minna,1
6PuqdfSvPfEY4CwdBRvGC1,Cand S-Aduna Fratii Laolalta,15,Ionela Pascu,['Ionela Pascu'],Ionela Pascu,1
7IkYKEH1aOrfA5YyN3MDlw,Différences (1959) - Remastered,15,"Luciano Berio, Institute for Computer Music and Sound Technology, Georg Kohler","['Luciano Berio', 'Institute for Computer Music', 'Sound Technology', 'Georg Kohler']",Luciano Berio,4
56xpJB8aK1SXa5ACjAftGr,Manifestation Guided Shamanic Journey (With Drumming),15,Katie Weatherup,['Katie Weatherup'],Katie Weatherup,1
7mIFUdhjiqzE9SFzFHkx2e,The Disanto Waystation,15,S.E.T.I.,['S.E.T.I.'],S.E.T.I.,1
70Mjj8raOAqYMlBK2hIv8C,Symphony No. 4 In C Major: I. Allegro molto moderato,15,"Franz Schmidt, Wiener Philharmoniker, Zubin Mehta","['Franz Schmidt', 'Wiener Philharmoniker', 'Zubin Mehta']",Franz Schmidt,3
61rTznv1hAj5xgnAPxTeZ3,Uyumayan Çocuklara Ninniler,14,Küçük Murat,['Küçük Murat'],Küçük Murat,1
3tEnHrxfFbUzPEw1Q4xx8U,"Septet No. 1 in D Minor, Op. 74: I. Allegro con spirito",14,"Johann Nepomuk Hummel, Dieter Klöcker, Florian Uhlig, Consortium Classicum","['Johann Nepomuk Hummel', 'Dieter Klöcker', 'Florian Uhlig', 'Consortium Classicum']",Johann Nepomuk Hummel,4
06SRK5lDgngG0cNVYCQOo6,"Overture ""Leonore No. 3"", Op. 72b",13,"Ludwig van Beethoven, Berliner Philharmoniker, Herbert von Karajan","['Ludwig van Beethoven', 'Berliner Philharmoniker', 'Herbert von Karajan']",Ludwig van Beethoven,3
0stLtEEUQlwwSr8PKnmqMj,ساعه وتغيب الشمس,13,Hatem Al Iraqi,['Hatem Al Iraqi'],Hatem Al Iraqi,1
5i4RxlZwqYCGufcaOZJ5Uu,The Rabbit,13,Lucas King,['Lucas King'],Lucas King,1
54K3QQLtubkMsNBEGFtc90,"Tannhäuser, WWV 70: Overture",13,"Richard Wagner, Stuttgart Radio Symphony Orchestra, Hans Müller-Kray","['Richard Wagner', 'Stuttgart Radio Symphony Orchestra', 'Hans Müller-Kray']",Richard Wagner,3
3DPIlF35nVa6Xvgn6LCajU,Abankusele,13,Herman Basudde,['Herman Basudde'],Herman Basudde,1
5kD2vf3VXg0lxa3hdBUaHq,"Symphony No. 7 in E Major, WAB 107 (Ed. Haas): IV. Finale. Bewegt, doch nicht schnell",13,"Anton Bruckner, Wiener Philharmoniker, Herbert von Karajan","['Anton Bruckner', 'Wiener Philharmoniker', 'Herbert von Karajan']",Anton Bruckner,3
1MwpNTd8dc2qfvmhLnMxaN,"Cello Concerto No. 2 in C Minor, Op. 77: I. Molto sostenuto - Allegro molto e energico - Tempo I -",12,"Dmitry Kabalevsky, Torleif Thedéen, Hannover Radio Philharmonic Orchestra, Eiji Oue","['Dmitry Kabalevsky', 'Torleif Thedéen', 'Hannover Radio Philharmonic Orchestra', 'Eiji Oue']",Dmitry Kabalevsky,4
4nlyt76hbZdzX6Zcs3ZPLS,Chit Tha Mya Ko,12,Win Oo,['Win Oo'],Win Oo,1
1tqbZQHyXAruQp6Dkupa6L,"Sonata for Viola and Piano, Op. 36: I. Maestoso allegro",12,"Dimitri Murrath, Vincent Planès","['Dimitri Murrath', 'Vincent Planès']",Dimitri Murrath,2
5bz2zkO6hVnP6c7iSpSgRF,Genocide for Praise - Vals for the Vitruvian Man,12,Allegaeon,['Allegaeon'],Allegaeon,1
7x7l3MioySWBqjpXbCOvbD,"Cello Concerto in A Minor, Op. posth.: II. Adagio molto tranquillo",12,"Hans Pfitzner, Rundfunk-Sinfonieorchester Berlin, Alban Gerhardt, Sebastian Weigle","['Hans Pfitzner', 'Rundfunk-Sinfonieorchester Berlin', 'Alban Gerhardt', 'Sebastian Weigle']",Hans Pfitzner,4
2ZeSzc0OGcTmPFn4fSisWj,"Cello Concerto In B Minor, Op. 104, B.191: 3. Finale (Allegro moderato)",12,"Antonín Dvořák, Alisa Weilerstein, Czech Philharmonic, Jiří Bělohlávek","['Antonín Dvořák', 'Alisa Weilerstein', 'Czech Philharmonic', 'Jiří Bělohlávek']",Antonín Dvořák,4
5yFoKbVuVoA19NjP1j7qBu,"String Quartet No. 12, Op. 127: II. Adagio, ma non troppo e molto cantabile",11,"Ludwig van Beethoven, The Beethoven Quartet","['Ludwig van Beethoven', 'The Beethoven Quartet']",Ludwig van Beethoven,2
2AgriLe23vg8NV40qLKDif,موال ناس تجرى ورا المال,11,مكرم المنياوي,['مكرم المنياوي'],مكرم المنياوي,1
6doPx9QArdfAZj92U48nAe,Alone Again,11,Bvdub,['Bvdub'],Bvdub,1
0UtwGOSlMenvrKD3zrfstB,靈山清境僧,11,妙蓮華,['妙蓮華'],妙蓮華,1
1WQ2cb21bem9zYChpaesBM,Children of the Sounds,11,Kaipa,['Kaipa'],Kaipa,1
65MDXHYuMqboPfcoxgDz3m,Living on the Ceiling - Tuesday Morning Door Policy Version,11,Skinnerbox,['Skinnerbox'],Skinnerbox,1
71eTQdcUvHiAReUQ6Rsl3M,Cosmic Sensations,11,Sweet Carol,['Sweet Carol'],Sweet Carol,1
3mnMDiz81wtKoFbPisgmca,Mokili e change - Live,11,"Zaïko Langa Langa, Nkolo Mboka","['Zaïko Langa Langa', 'Nkolo Mboka']",Zaïko Langa Langa,2
2UVpWB2qeYKfHkCA9VhdOL,"Mozart: Quintet for Piano and Winds in E-Flat Major, K. 452: I. Largo - Allegro moderato",10,"Wolfgang Amadeus Mozart, Les Vents Français","['Wolfgang Amadeus Mozart', 'Les Vents Français']",Wolfgang Amadeus Mozart,2
2UVZtm5kUGxK5bJaxd7fpX,Shavasana,10,"Howard Givens, Craig Padilla","['Howard Givens', 'Craig Padilla']",Howard Givens,2
4KJu1hYFLyxzbYm1vwqF6G,Tiamat,10,Musarra,['Musarra'],Musarra,1
2ojN2LMlmaYjouKXmWT3zE,In This Moment,10,"Dayspring Worship, Joel Wiseman","['Dayspring Worship', 'Joel Wiseman']",Dayspring Worship,2
7lI7BksTQwiLX7y9Y94DaT,Can't Go Home - Live at Paradiso,10,King of the World,['King of the World'],King of the World,1
0pPN0Lx1hKBAULV84OnhB1,Third Eye,10,Macroform,['Macroform'],Macroform,1
3qF9WiYP6EyHbWoAmoKpQS,"Polonaise in F-Sharp Minor, Op. 44",10,"Frédéric Chopin, Folke Nauta","['Frédéric Chopin', 'Folke Nauta']",Frédéric Chopin,2
1ddJ3rTJquZSkrQyAUQNik,Hia li gabratni - Live,10,Cheb Hichem,['Cheb Hichem'],Cheb Hichem,1
5DlU9BjHN5xWHUEEzvO1dW,Shirt of Noise,9,"Lee Weisert, Clara Yang, Juan Alamo","['Lee Weisert', 'Clara Yang', 'Juan Alamo']",Lee Weisert,3
4fW7lh5F5jJsiQ1bShWrzi,Space and Silence,9,"Loom, Dopadocks","['Loom', 'Dopadocks']",Loom,2
4VkQ3tr2sCBkaIIkT2DOXT,Suffocating Hopes,9,Mourners Lament,['Mourners Lament'],Mourners Lament,1
25jQFzEpFaOxzQPqEBlB30,The Water Is Troubled - Medley,9,George Banton,['George Banton'],George Banton,1
3Pz4sWKMmNEfIGbkCdbaeO,"Pesther Kinder - Walzer, Op.42",9,"Carl Michael Ziehrer, Original C.M.Ziehrer Orchester, Hans Schadenbauer","['Carl Michael Ziehrer', 'Original C.M.Ziehrer Orchester', 'Hans Schadenbauer']",Carl Michael Ziehrer,3
6GJBiVE29cVKnYIO1xFZzC,The Diving Bell,9,Black Foxxes,['Black Foxxes'],Black Foxxes,1
0ZNz2b9tcLIqAp4U8luv6Y,Broken Corners,9,1 Mile North,['1 Mile North'],1 Mile North,1
2UNzMQV3pnFHOBIkLy3Lck,Anamnisi - Hot TuneiK Remix,9,"Jorgio Kioris, Simos Tagias, Hot Tuneik","['Jorgio Kioris', 'Simos Tagias', 'Hot Tuneik']",Jorgio Kioris,3
731OdH0hiFrSx5DJBVRaFS,"Pampeana No. 1, Op. 16",9,"Alberto Ginastera, Donald Sulzen, Henry Raudales","['Alberto Ginastera', 'Donald Sulzen', 'Henry Raudales']",Alberto Ginastera,3
5mhT9FupmaYktfc70v2rl7,Feet First,9,Z-Arc,['Z-Arc'],Z-Arc,1
27oWBjpSdNlvL9T44EtE50,Deep In The Night,9,New Members,['New Members'],New Members,1
4IFpA7qxzZlASw2RDgWpX8,Hispania - Spanish Fantasy for Symphony Orchestra [Live],9,"Oscar Navarro Gonzalez, Oscar Navarro, Oscar Navarro Symphony Orchestra","['Oscar Navarro Gonzalez', 'Oscar Navarro', 'Oscar Navarro Symphony Orchestra']",Oscar Navarro Gonzalez,3
6y3wS0FvyBI0kL3MTT4sJT,"Violin Concerto No. 3 in G Major, K. 216: I. Allegro",9,"Wolfgang Amadeus Mozart, Eduardo Marturet, Emmy Verhey, Royal Concertgebouw Orchestra","['Wolfgang Amadeus Mozart', 'Eduardo Marturet', 'Emmy Verhey', 'Royal Concertgebouw Orchestra']",Wolfgang Amadeus Mozart,4
4aoVGSTaXC70ld38dEJ1L4,Timeless - Orchestral Trance Intro Mix,9,Kelly Andrew,['Kelly Andrew'],Kelly Andrew,1
0wn8T4fxqEPwZDbxQI67v2,Stars,9,Barry Jamieson,['Barry Jamieson'],Barry Jamieson,1
0ZCVUCrng6jswYGY9smSlr,"Sonata for Violin and Piano No. 5 in F, Op. 24 - ""Spring"": 1. Allegro",9,"Ludwig van Beethoven, Ji Hae Park, Simon Lepper","['Ludwig van Beethoven', 'Ji Hae Park', 'Simon Lepper']",Ludwig van Beethoven,3
0UxlQIoG9CJRXlJkUeKydH,MnWa3at 11,9,"Arabic Djs, Arabic DJ","['Arabic Djs', 'Arabic DJ']",Arabic Djs,2
5SQYozFvOZsmcLFG7MS9Il,〜引き寄せの音楽〜 波動を上げ全ての“良きもの”を引き寄せる音楽 / α波 / ヨガ / 瞑想 / 集中力,9,Relaxing888,['Relaxing888'],Relaxing888,1
4WVwrKyzCL5AjBtpKAZEOZ,Limbs,9,Endless Ocean,['Endless Ocean'],Endless Ocean,1
4aOpBWbs3XUMuWgMbsM31d,Sich rundherum wohlfühlen,9,Nora del Mar,['Nora del Mar'],Nora del Mar,1
0hCVS9jZrgEXdAt47EQDqa,Tu Agar Benaqab Ho Jaye,8,Nusrat Fateh Ali Khan,['Nusrat Fateh Ali Khan'],Nusrat Fateh Ali Khan,1
2SyfyabWQz7arAiHoJSZYU,Noche,8,"Jacky Mingo, Kapote","['Jacky Mingo', 'Kapote']",Jacky Mingo,2
6kKrTjTIuBuzlI0jXg7bY1,Meditation »Zeichen eines Verstorbenen«,8,Pascal Voggenhuber,['Pascal Voggenhuber'],Pascal Voggenhuber,1
1COyK5IMdf2fdy7HCsc5a1,Faddah,8,Hossam Ramzy,['Hossam Ramzy'],Hossam Ramzy,1
1SABG47KTubx9SahfMrZRA,Halo On Fire,8,Metallica,['Metallica'],Metallica,1
33K1hgLpTBAN0OdcwwVIjG,Wabi Sabi,8,Pspiralife,['Pspiralife'],Pspiralife,1
1AhSl55K5EQbTbFXr35gQZ,Igraj Mare Prašina Se Diže / Trusa,8,Mate Bulic,['Mate Bulic'],Mate Bulic,1
6CRRlM7Phug9Gj3S4Rk8Xr,To the Throats,8,Antlers,['Antlers'],Antlers,1
4ZILOfRVBFNMcRxXqPNS1t,Il chitarrista,8,Ivan Graziani,['Ivan Graziani'],Ivan Graziani,1
5RjbOEO1W9FymAzvB9G9vg,These Ties Are Binding - Original Mix,8,"Andres Sanchez, Katherine Amy","['Andres Sanchez', 'Katherine Amy']",Andres Sanchez,2
1LvNuDHeQ0ibGiEzwRdq1L,Unique,8,Simon Le Grec,['Simon Le Grec'],Simon Le Grec,1
2MpXY4OOal7LnKkI9mfpof,Last Knockers - Original Mix,8,Crazy P,['Crazy P'],Crazy P,1
6wrGrOBWeiPxPhkJoBV95v,"Symphony No. 9 in E Minor, Op. 95, B. 178, ""From the New World"": II. Largo",8,"Antonín Dvořák, Northern String Quartet","['Antonín Dvořák', 'Northern String Quartet']",Antonín Dvořák,2
1VLnC046WJSTGiikbuUcIR,El Nazareno,8,Miguel Zenón,['Miguel Zenón'],Miguel Zenón,1
3DTqJhZgZxhzVF4SLvdwPB,Srila Prabhupada Pranati and Maha Mantra (Live),8,Harinama Ruci,['Harinama Ruci'],Harinama Ruci,1
17cChhy58DYKXd6WbNk7xb,Sajana - Beloved,8,Susheela Raman,['Susheela Raman'],Susheela Raman,1
1CiJ8vEnuoKDxNvvaCGJiN,صدامية للموت,8,Gazal Alabedallah,['Gazal Alabedallah'],Gazal Alabedallah,1
7oQAi0ZX649fLxSpvSSyYO,Amigo,8,The Mansisters,['The Mansisters'],The Mansisters,1
4r6R29US2FnvbQzeAdX52U,Baion - Original Club Mix,8,Federico Scavo,['Federico Scavo'],Federico Scavo,1
422fCC4DLocxxv3XInJx1z,Neukliana - Kay-D Remix,8,"Ricardo Piedra, Kay-D","['Ricardo Piedra', 'Kay-D']",Ricardo Piedra,2
3vYKjyy15FutB3FggySyK3,It Turns For You - The Noble Six Remix,8,"Neptune Project, Polly Strange, The Noble Six","['Neptune Project', 'Polly Strange', 'The Noble Six']",Neptune Project,3
6FOhLZtbYhbaHeL6oM8CEi,"Symphony No. 9 in E Minor, Op. 95, B. 178 ""From the New World"": III. Scherzo. Molto vivace",8,"Antonín Dvořák, Budapest Philharmonic Orchestra, Stephen Pomerantz","['Antonín Dvořák', 'Budapest Philharmonic Orchestra', 'Stephen Pomerantz']",Antonín Dvořák,3
3b2aul5zbmRoaT3GaN4VN0,"Symphony No. 6 in B Minor, Op. 74, TH 30 ""Pathétique"": II. Allegro con grazia",8,"Pyotr Ilyich Tchaikovsky, Philharmonia Orchestra, Sir Charles Mackerras","['Pyotr Ilyich Tchaikovsky', 'Philharmonia Orchestra', 'Sir Charles Mackerras']",Pyotr Ilyich Tchaikovsky,3
6Fl6S9ygFos67pEr5FpC4x,Angels,8,"John Tavener, Andrew Lumsden, Winchester Cathedral Choir, George Castle","['John Tavener', 'Andrew Lumsden', 'Winchester Cathedral Choir', 'George Castle']",John Tavener,4
6MQOHKsRkWgGElHJDBN0Xs,Have a Little Mercy,8,Jimmy Dawkins,['Jimmy Dawkins'],Jimmy Dawkins,1
0vXKORBq2RHPYGAeNBkBzd,Recuerdos de Amor: Lo Que No Fue No Será / Amar y Querer / O Tú o Yo / El Triste / Volcán / Gavilán o Paloma - Instrumental,8,Orquesta Amor Latino,['Orquesta Amor Latino'],Orquesta Amor Latino,1
2Jgq6HT6VGHq5fHUan0Bzb,Smyrna,8,"KHAIKHAN, Dest","['KHAIKHAN', 'Dest']",KHAIKHAN,2
0dnrweX1MbuZD50M2b8Fw7,Alive Again - Live,8,Trey Anastasio,['Trey Anastasio'],Trey Anastasio,1
52N53mNNunNUQFWmtGqFG7,Loup the Loup - Live,8,"Matthew Fries, Phil Palombi","['Matthew Fries', 'Phil Palombi']",Matthew Fries,2
1fglXTyRSChB72Mq5TK4Ne,The Great Pyramid of Cheops,8,Andawan,['Andawan'],Andawan,1
2nU3IMWjgkxvtQeaMlyc9f,Breakmay,8,Osvit,['Osvit'],Osvit,1
5okhIOGE78yApy9u5xHY6k,Fortunated - Original Mix,8,"Invisible Reality, Klopfgeister","['Invisible Reality', 'Klopfgeister']",Invisible Reality,2
3YBbkEIF6Asp6enBInOEPv,Istanbul,8,"Derya Türkan, Sokratis Sinopoulos","['Derya Türkan', 'Sokratis Sinopoulos']",Derya Türkan,2
62oCcVXa7MMLriwisllCK2,Flight,8,Dren McDonald,['Dren McDonald'],Dren McDonald,1
5PSl4song5Iunx0NdOqYzZ,The Holy Name,8,Cornershop,['Cornershop'],Cornershop,1
6mH2Q6zvqxQc6gR96NKrl5,Way Maker - Live,8,"Glaubenszentrum Live, Markus Muntean","['Glaubenszentrum Live', 'Markus Muntean']",Glaubenszentrum Live,2
3Lf4SCSNXHs021y3zw5di2,"Images for Orchestra, CD 118: II. Ibéria: b. Les parfums de la nuit - Live",8,"Claude Debussy, Orchestra dell'Accademia Nazionale di Santa Cecilia, Leonard Bernstein","['Claude Debussy', ""Orchestra dell'Accademia Nazionale di Santa Cecilia"", 'Leonard Bernstein']",Claude Debussy,3
2M5QLUDgc2EKOHMSYUdoNs,Voryva,8,Dzivia,['Dzivia'],Dzivia,1
3Ekq3wshgiNiAHH88KZxLE,Sans Lendemain,8,Vous Autres,['Vous Autres'],Vous Autres,1
4L7qr0rd7px1ajgRN7tZOt,Another Trip - Sidhartha Remix,8,Alienn,['Alienn'],Alienn,1
4dkO8R3zCC1SCNuhzcPHbz,Das Flores Das Águas (feat. Shimshai),8,"Alexa Sunshine Rose, Shimshai","['Alexa Sunshine Rose', 'Shimshai']",Alexa Sunshine Rose,2
6YNyXhUBsj5f1w06r4m2bw,Get Up High,8,Cyril,['Cyril'],Cyril,1
5zs55cpupKKCqf80kOPPfp,Actuate,8,Bongo & Pusk,"['Bongo', 'Pusk']",Bongo,2
4b6WJ41qKWGUMZB7cHTF0d,Lal Meri Patt - Live,8,Sanam Marvi,['Sanam Marvi'],Sanam Marvi,1
2Qi4vMeWu6LBSaZbASdau3,Neverland,8,Dyce,['Dyce'],Dyce,1
4xg6i3qL3TPsYm9qU5A7kr,Awaiting Resurrection,8,Drive-By Truckers,['Drive-By Truckers'],Drive-By Truckers,1
7kn82QLjGE0dIRRX67klbG,"King Christian II, Op. 27: V. Nocturne",8,"Jean Sibelius, Turku Philharmonic Orchestra, Leif Segerstam","['Jean Sibelius', 'Turku Philharmonic Orchestra', 'Leif Segerstam']",Jean Sibelius,3
4mxtrjWiflBH2izYC6rYvt,Mondo Buzzo,8,Causa Sui,['Causa Sui'],Causa Sui,1
4KqRCPvv446WhB6FcJOMfP,Spem in Alium and Her Unable,8,Kyle Bobby Dunn,['Kyle Bobby Dunn'],Kyle Bobby Dunn,1
7ovSaBFemf4lmZDpPeVBn4,Cka po m'rrin karshi karshi,8,"Ali Krasniqi, Halil Bytyqi","['Ali Krasniqi', 'Halil Bytyqi']",Ali Krasniqi,2
3pXIEp6hW1BSNYW6KvPtlN,かけて 解く その心は,8,yeahyoutoo,['yeahyoutoo'],yeahyoutoo,1
4tmoVFcX4e0z1DfYUhfjpK,La Gozadera 7: Lágrimas de Cristal / Una Lágrima / Adiós Amor Adiiós Mi Amor Te Vas / Te Quiero para Mí - En Vivo,8,Marimba Orquesta La Gran Manzana,['Marimba Orquesta La Gran Manzana'],Marimba Orquesta La Gran Manzana,1
1aL9QCWR1ZxZpuY2q37PIk,Contact,8,Mindwave,['Mindwave'],Mindwave,1
6QCJkly15KWNRy7QrYzjrE,Tony Touch Power Cypha 2 Freestyle '97,8,"O.C., Fat Joe, Lord Finesse, Big L, A.G., Diamond D","['O.C.', 'Fat Joe', 'Lord Finesse', 'Big L', 'A.G.', 'Diamond D']",O.C.,6
2YiHJSN7sNQExtdeZnL8MN,Oceans,8,Alpha Gravity,['Alpha Gravity'],Alpha Gravity,1
5UbrywfBOKQwMeUZiSAUtH,Tonight You Sleep In Hell,7,Boris S.,['Boris S.'],Boris S.,1
17u3p1rzVRfbmWETYO1WPd,Gives Me Statisfaction (128 Bpm - Seat Climbing / 70-75 Hf Intensity),7,SKYGO,['SKYGO'],SKYGO,1
6RrzrhPCm0tAtDUzqzURc9,Skullgroove,7,Mijo,['Mijo'],Mijo,1
5IRP2EyJ3BjmEPd2lYJk18,Invasion,7,Anna Lee,['Anna Lee'],Anna Lee,1
0wtOJWgGXIHlOAfiOJXRW4,Shining,7,Cosmic Replicant,['Cosmic Replicant'],Cosmic Replicant,1
5act0f9sWFwQ8cswUDwOXj,Cherie Nobato,7,Wuta Mayi,['Wuta Mayi'],Wuta Mayi,1
7LNj462j5jchQjtXJApa2o,Interference,7,Massa (7),['Massa (7)'],Massa (7),1
2hzBwTPpPndXh9bOFrqdUq,Red Eyed Viper - Original Mix,7,Elek3ctii,['Elek3ctii'],Elek3ctii,1
1b40rkIU0jsz5TdEFKKxql,Desert Dreams - Original Mix,7,"Valeron, 7even (GR)","['Valeron', '7even (GR)']",Valeron,2
4sueXHAbsmaoUjmZqUA3gN,Caminante,7,"Bender, Nina","['Bender', 'Nina']",Bender,2
36v1Mc96ANEFSePURfAUll,From Disco to the Underground - James Rod Remix,7,"Limpodisco, James Rod","['Limpodisco', 'James Rod']",Limpodisco,2
7i0El4yOp6embW4ZKYpYGO,Minor - Original Mix,7,"Dirty Culture, Nusha","['Dirty Culture', 'Nusha']",Dirty Culture,2
7qI17QKuUacxqXD3xoO8FB,Money,7,Gov't Mule,"[""Gov't Mule""]",Gov't Mule,1
5QDr9jdPLphwabjLBmzdsU,On the Edge of Existence,7,Bernd Kistenmacher,['Bernd Kistenmacher'],Bernd Kistenmacher,1
7BXOLFVdf4SNkI8kGvbrbF,Sahar,7,"Jose Solano, Cafe De Anatolia","['Jose Solano', 'Cafe De Anatolia']",Jose Solano,2
6AqPwpSugDmDIF3QAWHyBj,Piaaaaach!!,7,"Dj Marta, Tim Wokan","['Dj Marta', 'Tim Wokan']",Dj Marta,2
0soVbyUAgY8tgzdiRog7xU,First Loved Me - High Key Without Background Vocals,7,Covenant Worship,['Covenant Worship'],Covenant Worship,1
6MEmZsicSod5jLvdwaMvXY,Please Have Mercy On Me - Dj Umbi Deep Remix,7,Big Mojo,['Big Mojo'],Big Mojo,1
73yp98F2ESKnHLT4lgqr5Z,Mori Gagar Na (Teental),7,"Traditional, Gulshan Tandon","['Traditional', 'Gulshan Tandon']",Traditional,2
5IJvj7XTw3kUTbWgTv0VAq,Makibishi,7,Simina Grigoriu,['Simina Grigoriu'],Simina Grigoriu,1
0W6EGWsAFml7FWIweiOx4E,Baghia Tatezaoudji Ou Tkhalini,7,Cheb Houssem,['Cheb Houssem'],Cheb Houssem,1
0ULvYLGWZw3VWEsqJ6pDzm,Salajka,7,Lag,['Lag'],Lag,1
5XUj5BiQdpzDRiHNYE3V47,60c - Original Mix,7,Noneoftheabove,['Noneoftheabove'],Noneoftheabove,1
6fH52FJjaHiW7Eg0w9jHVk,Taiga,7,Joachim Pastor,['Joachim Pastor'],Joachim Pastor,1
4jIM9xhhJrqekOItxi8702,Camden Square,7,Butcher Brown,['Butcher Brown'],Butcher Brown,1
6AipXB8ttXKoE8y91rYwER,Golden Glow,7,Prince Rama,['Prince Rama'],Prince Rama,1
1CseRS3c1cQSvYyHSPhnNz,Sweet - George Morel Remix,7,"Frank Donner, George Morel, Stefan Mint","['Frank Donner', 'George Morel', 'Stefan Mint']",Frank Donner,3
5aVqJQuwFZ0KgU3HxtYyb1,Play With Me!,7,Matador,['Matador'],Matador,1
4FuWw0rtrxiVNgfudc3J5m,Puerto Rico,7,Eddie Palmieri,['Eddie Palmieri'],Eddie Palmieri,1
6MAWzBC4gKGou6dGqe6rc3,Rumble on the High Plains,7,"Michael Sweeney, Midwest Wind Ensemble","['Michael Sweeney', 'Midwest Wind Ensemble']",Michael Sweeney,2
1Iz0fVahGnEb48PKfTqSPV,Mir - Extended Mix,7,Beatsole,['Beatsole'],Beatsole,1
2rfhGWzfbs8Pso2eHMN1vt,Walk With Me - Original Mix,7,Mike Schommer,['Mike Schommer'],Mike Schommer,1
3Pt1TSAbEHFZ34vf9cLtq8,Eminent Victorians,7,Nick Magnus,['Nick Magnus'],Nick Magnus,1
38NQHLAoOgmSspFr106MHs,Aurora,7,Mark Michael,['Mark Michael'],Mark Michael,1
1xPOqaOv6zSPqgytLBoNQl,This Dream Of You,7,Diana Krall,['Diana Krall'],Diana Krall,1
6T5hiZikP7CNI2uXdWYlCg,Millenium,7,Joachim Pastor,['Joachim Pastor'],Joachim Pastor,1
6J0BSCfOUfkkqohE5tJyYT,Sinequanone - Original Mix,7,Matt Sassari,['Matt Sassari'],Matt Sassari,1
2KySeV9SFF7oeyfbJPcVcN,I'm Not a Psychopath,7,The Teknoist,['The Teknoist'],The Teknoist,1
5xMuFJgdjOUgfdnG6yxptP,Kapitel 1 & Kapitel 2.1 - Die Prüfung,7,"Kim Jens Witzenleiter, Wolfy-Office","['Kim Jens Witzenleiter', 'Wolfy-Office']",Kim Jens Witzenleiter,2
0OYKGPqjJjKiFJvv0ncSvr,Los Versos Se Me Van,7,Sincroniza2,['Sincroniza2'],Sincroniza2,1
1saIZVjM5EI6fhK2eT8u5W,"To the Right the Enemy, To the Left the Sea",7,Simon Rackham,['Simon Rackham'],Simon Rackham,1
1LIy2e7ODs7J8GdQoAkR2v,Won't Say It - Henry Saiz Remix,7,"bRUNA, Henry Saiz","['bRUNA', 'Henry Saiz']",bRUNA,2
4YTphPjdWVfNJe1OkY1maV,Saha,7,Stereo Express,['Stereo Express'],Stereo Express,1
7CBj8rqMRX5wGTxJNGLWIk,Opening Ceremony,7,Óperentzia,['Óperentzia'],Óperentzia,1
4w8Ypike64pHZ6KFmk1VPj,Looking Beyond,7,Roger Spees,['Roger Spees'],Roger Spees,1
3LcZPbJgzbI2DCv5D5XDIB,It's All About Me - Original Mix,7,"Green Velvet, Jay Lumen","['Green Velvet', 'Jay Lumen']",Green Velvet,2
3IEVly6NxeK07CWoDAapZm,Free Man,7,Dj Fudalwokit,['Dj Fudalwokit'],Dj Fudalwokit,1
2wxehv10ykM4c64Jsi7CRz,Atma - Avus Remix,7,"Birdcage, Avus","['Birdcage', 'Avus']",Birdcage,2
7nQ6uJYXYxlEpX4YQ7CCzh,"String Quintet No. 4 in G Minor, K. 516: III. Adagio ma non troppo",7,"Wolfgang Amadeus Mozart, Anna Maunther, Tatrai Quartet","['Wolfgang Amadeus Mozart', 'Anna Maunther', 'Tatrai Quartet']",Wolfgang Amadeus Mozart,3
36JYPF6D9DmCZRSgsDYVAX,Moon Cat - Dj San Remix,7,"Max Freegrant, Max Meyer, DJ San","['Max Freegrant', 'Max Meyer', 'DJ San']",Max Freegrant,3
4YzkH5cj9HQpTd59yjKmZy,Kronos,7,Boy Next Door,['Boy Next Door'],Boy Next Door,1
7yPyQdA0bwEFrDKi0wr6mQ,Ouija,7,Perception,['Perception'],Perception,1
78SXI6mx1LIavJMIZy6yMF,Ei Horinaam Ei Mohanaam,7,Uttam Kumar Mondal,['Uttam Kumar Mondal'],Uttam Kumar Mondal,1
6Zdu2JM44pVKvia0Kpxk9n,Topkapi,7,Rhyton,['Rhyton'],Rhyton,1
5DTkIoX7EzgoYElepGBeQb,A7 - Original Mix,7,Shai T,['Shai T'],Shai T,1
7lHq5EAEJl2uTo5smYihds,Theory of Happiness,7,ヒーリング・ライフ,['ヒーリング・ライフ'],ヒーリング・ライフ,1
3PJwafHSStf0QiDQ17XzC9,Walking Individuum,7,Casimir Von Oettingen,['Casimir Von Oettingen'],Casimir Von Oettingen,1
3ryYkBhszo4ioSxfshM3F6,Brooklyn - Original Mix,7,Traumton,['Traumton'],Traumton,1
1KrpWHU4t2W5ButVUX4wOb,Keep Rockin' (Thumping House Mix),7,Love From San Francisco,['Love From San Francisco'],Love From San Francisco,1
7bEyYaCovAMVSEsF5iUS9x,Hold Me Down,7,Funk You,['Funk You'],Funk You,1
0GNV9yC7KnYsxFItDMarXb,Wicked Game - Criss Source Remix,7,"Solarc, Criss Source","['Solarc', 'Criss Source']",Solarc,2
7nIIaSnAqhgW7uvRF8t8Qf,Vicia Faba,7,FELIZ,['FELIZ'],FELIZ,1
5XDbAqepMVv4fRfZeeK6x7,Going Down - Woo2tech Remix,7,Andruss,['Andruss'],Andruss,1
3xiLl8VQERFlPbQ0xogLSu,Youreoneofakind,7,Spencer Parker,['Spencer Parker'],Spencer Parker,1
1WHp6DRSAf5bnc64PVmjwj,S'il te plaît,7,Héritier Wata,['Héritier Wata'],Héritier Wata,1
4aI5qXKC5DB9eUv9lkHmQ6,Get the Balance Right! - Combination Mix; 2018 Remaster,7,Depeche Mode,['Depeche Mode'],Depeche Mode,1
1gMx1IbvsNXkpijQz1eMcy,Sage Bhai KO Zahar Hash Ke Pila Dete Hai Log,7,CHANDAN SHARMA HATHRASI,['CHANDAN SHARMA HATHRASI'],CHANDAN SHARMA HATHRASI,1
4kD6VrXFdzcGwWKk9hyRxv,Something More (Dirty),7,"Róisín Murphy, Crooked Man","['Róisín Murphy', 'Crooked Man']",Róisín Murphy,2
4ewEBSsKwC0VlPihqVOIQr,Michigan - Original Mix,7,"Ralph Myerz, R.E.C., Ryan James, SUPER SPACE PROJECT","['Ralph Myerz', 'R.E.C.', 'Ryan James', 'SUPER SPACE PROJECT']",Ralph Myerz,4
75IBM2boZhRhxhGP87CmOm,Cold Blooded Blues - Live,7,Mike Casey,['Mike Casey'],Mike Casey,1
7cMOQlwKhsuNGXRziRYYPz,Them Changes,7,Tommy Castro,['Tommy Castro'],Tommy Castro,1
5tDbYmuxnQlh0Xxra1SMWt,Particles,7,Tony Anderson,['Tony Anderson'],Tony Anderson,1
6FSC5JYPEibYenoQCcOxZ8,Come Alive (feat. Toro y Moi) - Grum Remix,7,"Chromeo, Toro y Moi","['Chromeo', 'Toro y Moi']",Chromeo,2
4Dx0Uga2EfspDoPMRu62wH,Passenger,7,Kamilo Sanclemente,['Kamilo Sanclemente'],Kamilo Sanclemente,1
3vzbsbfBNzOfiSZpTquvo9,Thank You Lord - Victor Simonelli Gospel Club Mix,7,Connie Harvey,['Connie Harvey'],Connie Harvey,1
6QGuVRLWa5c2q9FlS2aI74,"Vanished Days, Op.57, No.1",7,"Edvard Grieg, Mikhail Pletnev","['Edvard Grieg', 'Mikhail Pletnev']",Edvard Grieg,2
28PmfUGQO1CK6KXKZWUwcW,Ghetto Break,7,Jason Bye,['Jason Bye'],Jason Bye,1
4U0B7HH1PNt6DZy6hzcCA6,Oxygen - Wayne Madiedo Remix,7,Andres Blows,['Andres Blows'],Andres Blows,1
4tKwGgmGoZt9vPhZb1Z5yx,Little Helper 336-2,7,"Stefano Noferini, Looad","['Stefano Noferini', 'Looad']",Stefano Noferini,2
1QB5P585UMxd7ECzsIep8h,Immortal - Original Mix,7,Alfoa,['Alfoa'],Alfoa,1
4mH0PDh94bo0OT6PYTpm0V,Violins,7,DJ Tarkan,['DJ Tarkan'],DJ Tarkan,1
2C4h5x1lwt6AJ0F8VM5UGi,"Ship of Fools - Live at Red Rocks Amphitheatre, Morrison, CO 7/8/78",7,Grateful Dead,['Grateful Dead'],Grateful Dead,1
7w1IDcPTeNdG7x1kOahFqM,Pushin' On - Original Mix,7,Phase 2,['Phase 2'],Phase 2,1
5obsAfjix98sySbWohthlw,L'amour Toujours,7,Antonio Venuti & Mr Goaty,"['Antonio Venuti', 'Mr Goaty']",Antonio Venuti,2
2na0H7wMDXpocnjCd2cbnI,Perspective,7,Pragmatix,['Pragmatix'],Pragmatix,1
4TIZlTcIyOlxcNEeT4N0PO,Borje Aaj,7,Shahrokh,['Shahrokh'],Shahrokh,1
2zT1Vr67S4Pjlg8w6x5Oca,Cookies N`Cream,7,"Kayros, João Oliveira","['Kayros', 'João Oliveira']",Kayros,2
24hSXqLEK1BlycJeYiy4f3,"2016 Golden Era Cypher (feat. Hilltop Hoods, the Funkoars, a.B. Original, Briggs, Vents, K21 & Purpose)",7,"Golden Era Records, Hilltop Hoods, Funkoars, A.B. Original, Briggs, Vents, K21, Purpose","['Golden Era Records', 'Hilltop Hoods', 'Funkoars', 'A.B. Original', 'Briggs', 'Vents', 'K21', 'Purpose']",Golden Era Records,8
0HoQRjNKQGbeAUTurm459I,Teapot - Original Mix,7,Cristoph,['Cristoph'],Cristoph,1
6ydRp3pmWeFAAZPiqkcUvw,Gharawa Aawa Ae Sajanawa,7,Sonu Sargam Yadav,['Sonu Sargam Yadav'],Sonu Sargam Yadav,1
5t0KoOCCj8IDCZc9lNXnCr,7 Seconds,7,Ben DJ,['Ben DJ'],Ben DJ,1
2Q56v0AU3bCO9OOYeDXzLF,Neobzriem Sa Späť,7,Dominika Gurbaľová,['Dominika Gurbaľová'],Dominika Gurbaľová,1
0Gbahme97ZYgeltOD6JOIZ,Mathematics,7,"North Coast Vibes, Rob G","['North Coast Vibes', 'Rob G']",North Coast Vibes,2
2ocstW4LaFRioaXbzm626L,Betrayed Mayan Blood,7,Seol,['Seol'],Seol,1
1LyMYb6U18K1f0aHoSbdHB,Spuren,7,"Pablo Held Trio, Pablo Held, Robert Landfermann, Jonas Burgwinkel","['Pablo Held Trio', 'Pablo Held', 'Robert Landfermann', 'Jonas Burgwinkel']",Pablo Held Trio,4
4RoiAgoRJpomN0CJsuBbs3,Extra Vehicular Activity,7,Alessandro Penna,['Alessandro Penna'],Alessandro Penna,1
6YTcewMyJ4yWGUr2qvXfle,"Mun Andhi (From ""7 Aum Arivu"")",6,"Harris Jayaraj, Karthik","['Harris Jayaraj', 'Karthik']",Harris Jayaraj,2
5Je3l8TTXcCPxNDDxTgX5A,"Kyon Hawa (From ""Veer-Zaara"")",6,"Yash Chopra, Lata Mangeshkar, Sonu Nigam","['Yash Chopra', 'Lata Mangeshkar', 'Sonu Nigam']",Yash Chopra,3
4v5cRAE3cSl4c1BoldkpUd,Unerreichbar - Remix,6,"Hirntot Posse, Dimi de la Ghetto","['Hirntot Posse', 'Dimi de la Ghetto']",Hirntot Posse,2
6IIzJM9ifzz9PQeorNQaC1,Funky,6,Christian Ciotola,['Christian Ciotola'],Christian Ciotola,1
5FuGwfT9UZV4cT9lBSatDG,想你,6,Fine乐团,['Fine乐团'],Fine乐团,1
6FHvz2uLsxHkAEEUplosgd,Popurrí Celia Cruz: La Vida Es un Carnaval / Ríe y Llora,6,"GranDiosas, La Sonora Dinamita, Rocio Banquells, Dulce, Manoella Torres","['GranDiosas', 'La Sonora Dinamita', 'Rocio Banquells', 'Dulce', 'Manoella Torres']",GranDiosas,5
2dNSnaDJoSEMJrXeIotKD8,Tarantella di Carpino,6,Popolo Vascio,['Popolo Vascio'],Popolo Vascio,1
2YxQ76bru78aLbiMdjnCMe,Laughing,6,Camouflage,['Camouflage'],Camouflage,1
4hAiGcOW0LrzWDnE7BBgTK,One Day - Original Mix,6,Poschek,['Poschek'],Poschek,1
3EFfNjjht7YTMHNBk1Ej1P,The Owls Are Not What They Seem,6,Forest On Stasys,['Forest On Stasys'],Forest On Stasys,1
53NK5lnVAg2fzhge0QRBJI,Camals Mullats (Live),6,La Gossa Sorda,['La Gossa Sorda'],La Gossa Sorda,1
17Zqy3ZiZLPDO11OcfoS1b,ON THE SEASHORE,6,Sadistics,['Sadistics'],Sadistics,1
5tAhVgAz3vqNBbTujcYZLm,State of Matter - The Exaltics Remix,6,"Umwelt, The Exaltics","['Umwelt', 'The Exaltics']",Umwelt,2
3odJ0vGgGvfW1PCT2G8nSk,Jupiter Junction - Midnight Mix,6,Phonotronic,['Phonotronic'],Phonotronic,1
65Q6N6GQhsVhRQVv3RiAVj,Overshadowed,6,"Atjazz, Jullian Gomes","['Atjazz', 'Jullian Gomes']",Atjazz,2
61Gze7T8xHD6IiS4k4uSRV,Expander - Original Mix,6,"Dennis Cruz, Iuliano Mambo","['Dennis Cruz', 'Iuliano Mambo']",Dennis Cruz,2
2Ak8K6WyXI0amw1ewsPPUh,Charlotte Everytime - Max Freegrant & Slow Fish Remix,6,"Da Fresh, Max Freegrant, Slow Fish","['Da Fresh', 'Max Freegrant', 'Slow Fish']",Da Fresh,3
09KBE5DSyCKul8QiCsSZIv,Grazie Roma (feat. Carlo Verdone) - Live,6,"Antonello Venditti, Carlo Verdone","['Antonello Venditti', 'Carlo Verdone']",Antonello Venditti,2
2iwpWOMn2mxfDXwMrRGNss,未来予想図Ⅱ(Instrumental),6,Kei,['Kei'],Kei,1
58aya4rngQZlsSm4dgc06k,For the Music,6,Luca Debonaire,['Luca Debonaire'],Luca Debonaire,1
2sf33aipEaUAslZmsOgMzV,Connect,6,Danniel selfmade,['Danniel selfmade'],Danniel selfmade,1
5kLrpB995GjLTxbla2R1Xb,The Stand (Live 2011),6,The Protomen,['The Protomen'],The Protomen,1
1vygRJoLrJRZwdYs4AxPzZ,Into the Deepest Ocean,6,Sweet Dreams,['Sweet Dreams'],Sweet Dreams,1
2656jIh52ZzTlFik2hHcmj,bRave - Enzo Siragusa's Back to '93 Remix,6,"East End Dubs, Enzo Siragusa","['East End Dubs', 'Enzo Siragusa']",East End Dubs,2
6L0DtOY7HFLnya36ucQGuN,In Time,6,Karim Kamar,['Karim Kamar'],Karim Kamar,1
3uvkygwDKYUyfMX6YxpQ1X,"Suguri, Pt. 2",6,Varhat,['Varhat'],Varhat,1
0LPuEex2PjnFZD4tcqgnAj,Bigot Representation,6,Andy Parsons,['Andy Parsons'],Andy Parsons,1
3jaTgOreim6lSivFkZh9FY,Caralee - Audiotree Live Version,6,"Ripe, Audiotree","['Ripe', 'Audiotree']",Ripe,2
4mpfcJObyVIKufT1dWvaK4,Superman - En Vivo,6,FM de Zacapa,['FM de Zacapa'],FM de Zacapa,1
5Yv3czyGvuJrQE8OxTm7gX,En Thalaiyellaam,6,Pr Chandra Sekaran,['Pr Chandra Sekaran'],Pr Chandra Sekaran,1
002YdLVE9tafpaPu1vnkTO,Inversional Symmetry,6,Güç Başar Gülle,['Güç Başar Gülle'],Güç Başar Gülle,1
5QY78V9rW8H6Vvmlc5kE3j,Mera Aapki Kripa Se,6,"Baal Gopal, Rudhav Sharma","['Baal Gopal', 'Rudhav Sharma']",Baal Gopal,2
3R0BkGOrl2Z3SafSNh9n8Y,Viswasa Jeevitha Padakil,6,"Libny Kattapuram, Celine Shoji","['Libny Kattapuram', 'Celine Shoji']",Libny Kattapuram,2
76P5doQZFQQUZjYgeyzo8v,Hold On - MC Astro Vocal Remix,6,"Humanature, j:logic, MC ASTRO","['Humanature', 'j:logic', 'MC ASTRO']",Humanature,3
01p8FmpjeXwrMSK11mDNby,Discover,6,Nigel Good,['Nigel Good'],Nigel Good,1
2s5WYnUf8hsW36GkB9RKyq,Alright,6,"Dakar, Tim Baresko","['Dakar', 'Tim Baresko']",Dakar,2
6RLth08frbba96O4ewyLl2,Chamaillerie,6,Zikri,['Zikri'],Zikri,1
3wL0NLoTueZfC6btKfMKr2,Halale Jarase Chandane,6,Bela Shende,['Bela Shende'],Bela Shende,1
6v1ZrQK1c4NDZSKRlXqDLG,無題 Starlight Ver.,6,amazarashi,['amazarashi'],amazarashi,1
780POlpkvPld8jdG7hvJcT,Thiruvelikavil - Female Version,6,Midhu Vincent,['Midhu Vincent'],Midhu Vincent,1
6hLWqY8UJaEter15nhORxQ,Steadfast,6,Uncovering Within,['Uncovering Within'],Uncovering Within,1
0UvccUPTkBgHg4MAljlK2t,Quanda bicchier,6,Terraròss,['Terraròss'],Terraròss,1
43aNUkJFTQdiPRglrUuIgv,The Fires Of Mars,6,Manilla Road,['Manilla Road'],Manilla Road,1
5tiYasQNto6FXQ2AboKqeH,La Meditación Groove (Música Profunda de Fondo para Dormir para Curar el Insomnio) #2,6,"Masajes Spas, Mantra para Dormir","['Masajes Spas', 'Mantra para Dormir']",Masajes Spas,2
6JKj15UZqjHz3AoiyRjvQL,Don't Stop the Party (Seahawks Stadium Mix),6,Bomb Squad Unit,['Bomb Squad Unit'],Bomb Squad Unit,1
60eFUffLssOLL9qEgLIKFN,Madja Lingua,6,Papi Sousa,['Papi Sousa'],Papi Sousa,1
2hPY0XBEUEXTz5EvhXSZSC,Best in Me - Vocal Mix,6,"Dave Anthony, Beverlei Brown","['Dave Anthony', 'Beverlei Brown']",Dave Anthony,2
53kJFm4gRqLq6bRneHDse2,麗しき世界 Re:boot,6,Suara,['Suara'],Suara,1
0MNoeR8brXEv3soc92KadK,Crave - DJLW Remix,6,"Madonna, Swae Lee, DJLW","['Madonna', 'Swae Lee', 'DJLW']",Madonna,3
6ygJruvHpPSVaj3dJM649C,Khi Ta Yêu Nhau,6,Tam Ca Áo Trắng,['Tam Ca Áo Trắng'],Tam Ca Áo Trắng,1
1HYepcGFZESMhUsOOUA5Uv,Can't Stop Dancing (feat. Nomi Ruiz) - SoulPhiction Remix,6,"Eli Escobar, Nomi Ruiz","['Eli Escobar', 'Nomi Ruiz']",Eli Escobar,2
7CkNRv2xDLkX7ZEEiBgGt5,Look Closely,6,"Hans Zimmer, Rupert Gregson-Williams","['Hans Zimmer', 'Rupert Gregson-Williams']",Hans Zimmer,2
4VWH8rEUBZWmxKNHpSupiO,El Martes Será un Nuevo Día (S2WS),6,w.y.k,['w.y.k'],w.y.k,1
3S1xSOXw1TfnGKZrW2QYB8,Midnight Is a Lonely Heart,6,"Paul Jackson, Xantone Blacq, Tony Match","['Paul Jackson', 'Xantone Blacq', 'Tony Match']",Paul Jackson,3
0Db8kCrmIsOYwKz20MjQJh,The Greatest,6,"Black Loops, Maik Yells","['Black Loops', 'Maik Yells']",Black Loops,2
6ft1ThjzTFoQjfYzQh8RCt,I Can't Make You Love Me,6,Smooth Jazz Saxophone Band,['Smooth Jazz Saxophone Band'],Smooth Jazz Saxophone Band,1
0w8bfLHyyzoVaZtbmpJreM,No Other,6,Polymod,['Polymod'],Polymod,1
6b13dHCEu3IrgvSkCU59Ye,A River Runs Through This City,6,Esmerine,['Esmerine'],Esmerine,1
2hlJZrEVI0iCQ4WtSZvoUz,シルエット・ロマンス,6,Geila Zilkha,['Geila Zilkha'],Geila Zilkha,1
7rNOxAP1oQU3VYzquQfdzX,Phonetics,6,Parallax '48,"[""Parallax '48""]",Parallax '48,1
7ttWdxzC683o83ovVUFNM4,The Midnight Sun Will Never Set,6,Eric Alexander Quartet,['Eric Alexander Quartet'],Eric Alexander Quartet,1
1aEmrcWMABdyQWHJK7AjPN,Feel the Beat - Edson Pride & Erick Fabbri Remix,6,Johnny Bass,['Johnny Bass'],Johnny Bass,1
40eDtp1ynMw46LN9CvnUjB,Serenity - Original Mix,6,Paul De Silva,['Paul De Silva'],Paul De Silva,1
4eONwfXpYIBvp0wptltvz7,Bandida (Remix),6,DJ Memo,['DJ Memo'],DJ Memo,1
4RAvtTgynCX0pkB3hGbCUl,Sleep City,6,Heavenchord,['Heavenchord'],Heavenchord,1
5fkpdhAA4WKcmM4ayrEKPi,In High Tide,6,Dendera,['Dendera'],Dendera,1
6riPWAscLOY8u7hsLE5Hxn,Just Know - Original Mix,6,Davide Mazzilli,['Davide Mazzilli'],Davide Mazzilli,1
5eqjLByE2XRoddKVUM2Au1,Lion King,6,Manu Kenton,['Manu Kenton'],Manu Kenton,1
4xvm6zYlDixNFauZ0QtLjj,I Have a Seat (Spontaneous) [Live],6,Kingdom Culture Worship,['Kingdom Culture Worship'],Kingdom Culture Worship,1
1S1UTTsH0uanKqXgKKX29z,III,6,Elkhorn,['Elkhorn'],Elkhorn,1
41SvuF0FGHUcukqYiQpXkw,Everybody,6,Kizzmo,['Kizzmo'],Kizzmo,1
1FkzVppuLr8Tjl8GJICdWd,Bergamo,6,Stiver,['Stiver'],Stiver,1
2nrLqQoBeRRRoQwsVRhYWm,White Space - Nikitin Remix,6,"Afrobeat, Tenisara, Nikitin","['Afrobeat', 'Tenisara', 'Nikitin']",Afrobeat,3
0gTmY4xMlWHu1173evE9rO,End of Cycles,6,Grand River,['Grand River'],Grand River,1
08MuKJe2ZiEnMHwAIAlkMA,The Breakdown,6,Tamara Weber,['Tamara Weber'],Tamara Weber,1
7xOEuReDceb0UmlhTrreAI,Form and Void - Original Mix,6,Kwartz,['Kwartz'],Kwartz,1
0SmGpP5ZFcDhzLovcU72vZ,No Honor,6,"Forever Philly Records, Qui$e Limye","['Forever Philly Records', 'Qui$e Limye']",Forever Philly Records,2
2rIF0dZXrzCD3Q23aCFor3,Beastland,6,Author & Punisher,"['Author', 'Punisher']",Author,2
1L9mmSi71Rr14MzGYIUoGG,Invisible,6,Jennifer Munday,['Jennifer Munday'],Jennifer Munday,1
1AXwDLBaLxJkbSKh12Up2w,Anxiety Free,6,Om Meditation Bell,['Om Meditation Bell'],Om Meditation Bell,1
1054MCobPeBa3tcNQU1PlL,Dance Floor - R3ckzet Haunt Remix,6,"Glitter, R3ckzet","['Glitter', 'R3ckzet']",Glitter,2
7LklOBCHGQ67YoAJYmlRcV,Love & Understanding,6,Yvonne Curtis,['Yvonne Curtis'],Yvonne Curtis,1
17veyCGQ2vdLWkoXNdCcPE,With a Little Help from My Friends,6,The Unplugged Acoustics,['The Unplugged Acoustics'],The Unplugged Acoustics,1
3aMOzJyeZ144X7ZbdT7c62,Spaceships,6,Nolek,['Nolek'],Nolek,1
3smJ7Ijcc5uwuNRwaZUy8l,Help the Poor,6,"Nasta Super, Chris Cain","['Nasta Super', 'Chris Cain']",Nasta Super,2
2zbqF7mypBXtcjhNyiKBGK,Piano (How to Relieve Anxiety),6,Yoga World,['Yoga World'],Yoga World,1
7e05w44VYXnCLSVUlWjfnb,Dawn,6,Annorkoth,['Annorkoth'],Annorkoth,1
4mfhiToz6a0po7hlVLDzE5,A Message for Mobley,6,Bob Reynolds,['Bob Reynolds'],Bob Reynolds,1
6xTor8l59zk9Av7wuBLzu3,Coma,6,"David Forbes, Richard Durand","['David Forbes', 'Richard Durand']",David Forbes,2
0dKJ6ehKYtcSfKkZsQwvot,Aire - En Vivo,6,Bohemia Suburbana,['Bohemia Suburbana'],Bohemia Suburbana,1
1MNyUtYiM5vVEivI0F7drP,Torino Grande,6,Anoraak,['Anoraak'],Anoraak,1
07uaYupYNfDh1KbWI89a3u,Urban Enlightenment of Desolation,6,Ofdrykkja,['Ofdrykkja'],Ofdrykkja,1
07QLGqI7Nu3ICz1ruMfTmC,Like the Breath of a Bird,6,"Herr Lounge Corps, Cadaverous Condition","['Herr Lounge Corps', 'Cadaverous Condition']",Herr Lounge Corps,2
5ff3scfXSnfpqy2YFlNK9z,Stillwitme,6,Robert Broadway,['Robert Broadway'],Robert Broadway,1
4cCRHzKBaDJfj9J03CqIbt,Akekho O Fana Na Jeso,6,Don J Stephen,['Don J Stephen'],Don J Stephen,1
7jDx17mzeRqtSfjaDr5ShR,Yentem Gye Me (feat. Asomafo),6,"Yaw Sarpong, Asomafo","['Yaw Sarpong', 'Asomafo']",Yaw Sarpong,2
3BNNA0za5uopRlqHJShi9y,Miala Baba Koguta,6,"Traditional, Tamara Lukasheva, East Drive","['Traditional', 'Tamara Lukasheva', 'East Drive']",Traditional,3
0zxe0pXPetitE5nVfs8IYH,"Die Sonne, die Sterne - Live in Sachsen",6,City,['City'],City,1
4n04V0fkYsrNtdzZ4hXm3R,Casiotone 401 - Dave DK Edit,6,Aaron Ahrends,['Aaron Ahrends'],Aaron Ahrends,1
4M7mnqYvTyAXTnhQLYBnEr,Heliotrope,6,The Breathing Effect,['The Breathing Effect'],The Breathing Effect,1
4hTVf5NyDz1ybGOy6DCOWr,Starving,6,"Ital, Aurora Halal","['Ital', 'Aurora Halal']",Ital,2
73OjNHlpecezTLLokotWVp,One By One - Remastered,6,Sub Love,['Sub Love'],Sub Love,1
5jQsvtRiwkpCnJo2ch7kfN,Evoking Eternity - Hexenbrennen Mix,6,The Ðevil & the Uñiverse,"['The Ðevil', 'the Uñiverse']",The Ðevil,2
0Py62XrqRTCJiSosml32sy,Pictures - Tuff City Kids Remix,6,Daniel Bortz,['Daniel Bortz'],Daniel Bortz,1
5SGyhvfscxybFdRQr1FXDr,T-Virus - Original Mix,6,Audiophonic,['Audiophonic'],Audiophonic,1
47e4kThpM9EtXvsudHWot8,The last Orbit,6,Maik Thomas,['Maik Thomas'],Maik Thomas,1
2pM6wrOLdyDqkMTmYRu0sL,Kabal - Pablo Say Remix,6,"Andres Blows, Pablo Say","['Andres Blows', 'Pablo Say']",Andres Blows,2
4w1BOFYJRfu1nqMI7HxoNG,Abyss - Original Mix,6,RezQ Sound,['RezQ Sound'],RezQ Sound,1
1jMJ7ifrKYezvkV2cvgtsK,Ram,6,Takuya Matsumoto,['Takuya Matsumoto'],Takuya Matsumoto,1
2DgMPjsAJsroCKGwj1EQG5,Totem - Extended Mix,6,"Lightform, Zaa","['Lightform', 'Zaa']",Lightform,2
7FaY42MxIxj9YVBszo8pUl,"Green, ""To the greenwood must we go, alas""",6,"Pelle Gudmundsen-Holmgreen, Theatre Of Voices, Paul Hillier","['Pelle Gudmundsen-Holmgreen', 'Theatre Of Voices', 'Paul Hillier']",Pelle Gudmundsen-Holmgreen,3
3U0OsfSSwE0AqJCvv1Yolo,Meri Lagi Shyam Sang Preet,6,Devi Chitralekha,['Devi Chitralekha'],Devi Chitralekha,1
3BxB71WmncPGu4qhMPLSBp,Purism - Black Loops Remix,6,"Maximiljan, Black Loops","['Maximiljan', 'Black Loops']",Maximiljan,2
2IRFG8fU6ndPvCu3cX1DRm,"Piano Trio in D Major, Op. 70 No. 1 ""Geistertrio"": I. Allegro vivace e con brio - Live",6,"Ludwig van Beethoven, Martha Argerich, Julian Rachlin, Mischa Maisky","['Ludwig van Beethoven', 'Martha Argerich', 'Julian Rachlin', 'Mischa Maisky']",Ludwig van Beethoven,4
3iSrmpbSgdB5iur9KHvuVt,Ask Yourself - Original Club Mix,6,Rene Amesz,['Rene Amesz'],Rene Amesz,1
6diACp51u3kXARLTwKlL1V,Dwa Nama,6,Agreen Dilshad,['Agreen Dilshad'],Agreen Dilshad,1
1x0ImdWfqNFykKhcptDSwJ,Morning's Song,6,Matthew Lien,['Matthew Lien'],Matthew Lien,1
6zGchyg9xubz3E4VXGJbhw,Take Me High - Original Mix,6,"Kooky, Damoon, Niki Kand","['Kooky', 'Damoon', 'Niki Kand']",Kooky,3
3nYfldMWMQf9KyFA9Gqkm8,Winter in the Oceans,6,Rothko,['Rothko'],Rothko,1
7MJzisjRgNbj4M9BemAKGQ,Shenandoah (arr. F. Ticheli),6,"Traditional, Virginia Band and Orchestra Directors Association 2019 District XI All-District Concert Band, Dr. Brendan Caldwell","['Traditional', 'Virginia Band', 'Orchestra Directors Association 2019 District XI All-District Concert Band', 'Dr. Brendan Caldwell']",Traditional,4
0uP9ROtukjWYvIH6CxULR1,永久に 2016,6,Suara,['Suara'],Suara,1
3pkt1n2uTP5IZph8g50V6J,Interkomm.,6,Karanyi,['Karanyi'],Karanyi,1
2MHKPzc5o47J1qSyNps4yB,I Want You - Instrumental Mix,6,"Woo2Tech, Sensekraft","['Woo2Tech', 'Sensekraft']",Woo2Tech,2
2BGqouLeX1GkjLeFuDfB7T,"Suite (From ""El Hombre Esponja"")",6,Fernando Velázquez,['Fernando Velázquez'],Fernando Velázquez,1
23A4oEFb7LHahlMM7oGY6V,El Gran Varón,6,NMR Digital,['NMR Digital'],NMR Digital,1
55FhLVKs8GPgz3628hvkqN,Glory Road - Live At The Greek Theatre/2012,6,Neil Diamond,['Neil Diamond'],Neil Diamond,1
13aglSJcBhlPqVgvNsulNT,Le Côté Obscur,6,Neurotribe,['Neurotribe'],Neurotribe,1
40hlLGcton6l2S6vjw4MYz,Haleto lale lalô (Saho),6,Alma Negra,['Alma Negra'],Alma Negra,1
1zWJ1Q4llEjRHoU0YBhBqx,Snap - Original Mix,6,Jamie Trench,['Jamie Trench'],Jamie Trench,1
72veKDtl7GI72YvNMDf4Mg,Playin' For People - Original Mix,6,Nils Ohrmann,['Nils Ohrmann'],Nils Ohrmann,1
3Ob4DVnrWAeax0Db5VsvIt,Trumpet Gun,6,DJ Nasty 2,['DJ Nasty 2'],DJ Nasty 2,1
3AKNXqfZbB9o81hEyXXRYh,Reggae Bring Back Love - Live in Amsterdam 2003,6,Morgan Heritage,['Morgan Heritage'],Morgan Heritage,1
3XjPnbjyXEfG5jyW7yWLvJ,Empathy,6,Maiga,['Maiga'],Maiga,1
2qoxn34CJEkhtMqwUwMhgH,"Adriano in Siria, P. 140: Torbido in volto",6,"Giovanni Battista Pergolesi, Blandine Staskiewicz, Les Ambassadeurs, Alexis Kossenko","['Giovanni Battista Pergolesi', 'Blandine Staskiewicz', 'Les Ambassadeurs', 'Alexis Kossenko']",Giovanni Battista Pergolesi,4
21U3WZs08fY701PFZW0yrR,Resolution - Mixed,6,Matt Rowan,['Matt Rowan'],Matt Rowan,1
1MrUhV6liTymlWsWqR4aYE,A Caged Bird/Imitations of Life,6,"The Cinematic Orchestra, Roots Manuva","['The Cinematic Orchestra', 'Roots Manuva']",The Cinematic Orchestra,2
6ZEnN3gzlIPN1Mq1oRCyP6,"The Nutcracker, Op. 71, TH 14 (Extracts): Act II Scene 3, Waltz of the Flowers",6,"Pyotr Ilyich Tchaikovsky, Eugene Ormandy, Philadelphia Orchestra","['Pyotr Ilyich Tchaikovsky', 'Eugene Ormandy', 'Philadelphia Orchestra']",Pyotr Ilyich Tchaikovsky,3
1etxnjtHna1kKbKExMLDjb,Zila Mianwali,6,Shafa Ullah Khan Rokhri,['Shafa Ullah Khan Rokhri'],Shafa Ullah Khan Rokhri,1
1cDuAYQRZVeKoGzXIVrE2Z,Whanau Puhi - Paddy Free Dub,6,"Nga Tae, Paddy Free","['Nga Tae', 'Paddy Free']",Nga Tae,2
4CMb1Sq6wtTxO7Xwg7AeNv,Areia - Pigmalião Remix,6,"Exz, Pigmalião","['Exz', 'Pigmalião']",Exz,2
2rHlXnoIaQQhRZ9JU6hjTY,The Red Bridge Over the Valley,6,Gallery Six,['Gallery Six'],Gallery Six,1
0pUm6dxhOKNcCeTFKrM1YR,Orion,6,Filterheadz,['Filterheadz'],Filterheadz,1
7xcCII1X5DdH2wwjfm3QxN,Waiting For You - HP Vince Remix,6,"Danny Cruz, HP Vince","['Danny Cruz', 'HP Vince']",Danny Cruz,2
1EgDdHoDrUZdwEUSefwu6Q,Špejchar Blues - Live,6,"Michal Prokop, Framus Five","['Michal Prokop', 'Framus Five']",Michal Prokop,2
4jFhkCpLdSBjR2TieQjyqU,Reminisce,6,Ava Irandoost,['Ava Irandoost'],Ava Irandoost,1
1kFzvyU0donTJtc6Hz6UVq,Watched The Day,6,LM1,['LM1'],LM1,1
2cTvmNRJsPapPTm5H9HN9l,Ever Nothing - Original Mix,6,Laika & Strelka,"['Laika', 'Strelka']",Laika,2
5NRLJAuRmPvSEoTJsT78nN,Sonata Para Piano En Si Bemol - 3rd Movement (Allegro Craciozo) [K333],6,Sweet Little Band,['Sweet Little Band'],Sweet Little Band,1
0TzULWSCXpkp6W2rQ5UuRA,Drop Modulator,6,Lunatica,['Lunatica'],Lunatica,1
78ZRWdQw9BUcHIHzfV9E8x,1990 - Neil Curtis Technovision,6,"Pacific State, Neil Curtis","['Pacific State', 'Neil Curtis']",Pacific State,2
0BrMwycLSit5evqXCUw277,"Hirten-Idylle, Op. 58",6,"Ernesto Köhler, Denis Lupachev, Natalia Frolova","['Ernesto Köhler', 'Denis Lupachev', 'Natalia Frolova']",Ernesto Köhler,3
6ie4ZO6uU8wKUUU2pO8MaC,Clarify,6,"Ceega Wa Meropa, Rony M, Petmuso","['Ceega Wa Meropa', 'Rony M', 'Petmuso']",Ceega Wa Meropa,3
4ei8epcJeVlRUbtyrf3fRv,Snow Angel,6,European Jazz Trio,['European Jazz Trio'],European Jazz Trio,1
4jNDZzQzrlaQ1RIk6xN309,Mystic Island (Live Version),6,T-SQUARE,['T-SQUARE'],T-SQUARE,1
48ulfQDD25sMf9YnXKbomo,Realidad,6,Libertad Maestro,['Libertad Maestro'],Libertad Maestro,1
4zT54MxauLKKxBZwKxEnbv,Innocence,6,Róisín Murphy,['Róisín Murphy'],Róisín Murphy,1
4rQ0mSCedIw4JYqttcXEZ8,Never Enough - Orchestral Version,6,Visage,['Visage'],Visage,1
3md9zsV3zkpYt0Vns7Dtcu,Sfintii nu mor niciodata,6,Trooper,['Trooper'],Trooper,1
34ItKXNVeAM1BRW1eW56xi,讓你飛 - 2016 Live Version,6,Michael Wong,['Michael Wong'],Michael Wong,1
1iWj36gPwY7AmOj2km1RoA,I'm a Man of Music - Stripped Mix,6,Stradivarius,['Stradivarius'],Stradivarius,1
0rVYcJr51TW7zSIt5AAB0J,Die Ruhige See,6,Meditationsmusik Doktor,['Meditationsmusik Doktor'],Meditationsmusik Doktor,1
4MfsVvFDMZwZEKekI8rDy0,Vincent Price - Douglas Greed Remix,6,"Phonique, Lazarusman, Douglas Greed","['Phonique', 'Lazarusman', 'Douglas Greed']",Phonique,3
1KnhUADwJiml3AZBRfhSyS,Darkest Nights,6,"Lastraw, JazzyFunk","['Lastraw', 'JazzyFunk']",Lastraw,2
2TZzqsqylOLgEqgb6Qox3v,Dysnomia,6,Supacooks,['Supacooks'],Supacooks,1
5vT22IliPJZrWTJtJD7bXN,"Symphony No. 2 in D Major, Op. 36: IV. Allegro molto",6,"Ludwig van Beethoven, Marek Janowski, WDR Sinfonieorchester Köln","['Ludwig van Beethoven', 'Marek Janowski', 'WDR Sinfonieorchester Köln']",Ludwig van Beethoven,3
1x9hCV6tmY04yDzxaPMtVl,Dance,6,Mason Maynard,['Mason Maynard'],Mason Maynard,1
6fn2JxAG1Rvo0BgEb8t5nJ,Mayoral,6,Novalima,['Novalima'],Novalima,1
6O2gxpClWLud522PhCgiiV,Breathe,6,Answer Code Request,['Answer Code Request'],Answer Code Request,1
6KxD06mt5aA8DmS8xisrLg,حكاية الصحاب 2,6,Felo,['Felo'],Felo,1
5FuRa2RasMLVrkz68EXbXL,Deep Fear - Daniele Petronelli & Worp Remix,6,"Sidekick, Daniele Petronelli, Worp","['Sidekick', 'Daniele Petronelli', 'Worp']",Sidekick,3
4koR54u8Hv8J0xP9BHHGJx,True - Lexer Remix,6,Nora En Pure,['Nora En Pure'],Nora En Pure,1
6SJTmHRbJZK0pXiumy8ttZ,Illusion Of Love - Bu.Di Remix,6,"Mr. Pepper, So.young, Bu.Di","['Mr. Pepper', 'So.young', 'Bu.Di']",Mr. Pepper,3
6yL1mRXYVn7OL4kVXKuS4B,The Last Hippie,6,Training Motivation Music,['Training Motivation Music'],Training Motivation Music,1
0jzguCD0TJYWrTmOsv43L9,カゲボウシ(Live at NHKホール・2018/01/31),6,PornoGraffitti,['PornoGraffitti'],PornoGraffitti,1
1Cam5wtkYMYtvU80Hrab6a,Emersione,6,natural/electronic.system.,['natural/electronic.system.'],natural/electronic.system.,1
5b2jUZwQg5gK975HRnOFin,"Kammermusik No. 1, Op. 24 No. 1: IV. Finale 1921. Lebhaft",6,"Paul Hindemith, Xi Zhai, Kronberg Academy Soloists, Schleswig-Holstein Festival Orchestra, Christoph Eschenbach","['Paul Hindemith', 'Xi Zhai', 'Kronberg Academy Soloists', 'Schleswig-Holstein Festival Orchestra', 'Christoph Eschenbach']",Paul Hindemith,5
7BVFl55Qb5KJNGbGXygNGS,Mawar Ditangan Melati DiPelukkan,6,Tasya Rosmala,['Tasya Rosmala'],Tasya Rosmala,1
4e745ev7yN97icoRMM6CGu,63 Moons,6,Crystal Geometry,['Crystal Geometry'],Crystal Geometry,1
36O1QaoSFSVZ5pguLJPDnp,Enkidu,6,Simple Symmetry,['Simple Symmetry'],Simple Symmetry,1
6j7JjVCf2y3Mydqk1J4UXc,Ahmad Ya Habibi,6,Hijjaz,['Hijjaz'],Hijjaz,1
17KF6CAG2NDaOGW6rntmur,Es Un Placer Señor,6,Lea Cristina,['Lea Cristina'],Lea Cristina,1
29OwfgUF4L6wGJ4ODq1LAR,A Walk In The Park,6,Tamas Skafar,['Tamas Skafar'],Tamas Skafar,1
5sBkW4dR3gG2eKFJcJxoLB,南風,6,生祥樂隊,['生祥樂隊'],生祥樂隊,1
00Xjk3crxeNxEplpizoNX9,Work On Me,6,Lewis Boardman,['Lewis Boardman'],Lewis Boardman,1
0W5xQKrDtvrRkxgCE9eBif,Momentum,6,SeamlessR,['SeamlessR'],SeamlessR,1
6HP68VPw9D3LwvkHw5zyDW,By Your Side - Logisitics Remix,6,S.P.Y,['S.P.Y'],S.P.Y,1
1xI2JdhG9F318QvibkfZym,Trixx,6,Olivier C,['Olivier C'],Olivier C,1
4a3GDf319aMwJsnM72Pby5,ASMR Peaceful Piano with Rain & Thunder,6,Healing Peace,['Healing Peace'],Healing Peace,1
75w2QSHOb7fU7Y5lnrULVS,Normalizm - Live Reversion,6,Art Department,['Art Department'],Art Department,1
02VosinlEj7PPft61EbiCm,Grudniowa piosenka,6,Ralph Kaminski,['Ralph Kaminski'],Ralph Kaminski,1
59zLMkHYLN2hN9SI9pvJGd,Exhale,6,Rubix Qube,['Rubix Qube'],Rubix Qube,1
28NidEA2gpqTm8Yjf92KRd,Calyx,6,Messenger,['Messenger'],Messenger,1
0FWaUuwptSgQSHUCBTmTSM,Festival Hard Trance,6,Dj Darroo,['Dj Darroo'],Dj Darroo,1
135NAofo7LqXSBjrvkexWB,อาณาจักรล้านนา,6,เพลงนวดไทย,['เพลงนวดไทย'],เพลงนวดไทย,1
0zh4AMoA0le35zIPJByAZ2,Omar,6,Omar Jr,['Omar Jr'],Omar Jr,1
4n14uP1nJeKSQiCVn1N0kI,Red Acid Clouds,6,Borrowed Identity,['Borrowed Identity'],Borrowed Identity,1
3NWiX1vR4Y5BdTwXlpDHnz,Late Go,6,"Martin Merino, SOLDIERBEAT, Billy G","['Martin Merino', 'SOLDIERBEAT', 'Billy G']",Martin Merino,3
7esL0PFUYM8kQBl4wq1kYD,The Ship,6,Nexus,['Nexus'],Nexus,1
5yTn8SR5TEu1Mb3MUHvrGO,Afar Depression,6,Abdulla Rashim,['Abdulla Rashim'],Abdulla Rashim,1
77q6t9SyEJgdSTNmGFIa79,Virilty,6,The Cyclist Conspiracy,['The Cyclist Conspiracy'],The Cyclist Conspiracy,1
2dLRCty8JvKY8crZ0cNbtW,Bele Beltzak,6,Belako,['Belako'],Belako,1
2zSiiAcOgwsXlACtM41clr,It Must Be You,6,Furney,['Furney'],Furney,1
5RdOffhEqCkocDERLDUFS7,Carmen Rosa,6,Los Kikers de Carora,['Los Kikers de Carora'],Los Kikers de Carora,1
6SsLwAwLymxE4wPKT9lt3m,I Love You - Bruno Kauffmann Remix,6,"Juan Pacifico, Rik-Art, Josephine Sweett, Bruno Kauffmann","['Juan Pacifico', 'Rik-Art', 'Josephine Sweett', 'Bruno Kauffmann']",Juan Pacifico,4
1udX1PQ12kAwQLYUd3IayX,Con Lo Ta,5,Buleria,['Buleria'],Buleria,1
5W8ZnXbIAuTyT4BVk9xIb8,Ku Mau Pikul Salibku,5,Stephanie Erastus,['Stephanie Erastus'],Stephanie Erastus,1
65dmLE3PGD6pfKopG2fW46,Flamenco Utrópica,5,"David Tavares, André Ribas","['David Tavares', 'André Ribas']",David Tavares,2
4EKbdHjfd7547HvkdTaU93,Modak Lai-Lai,5,"Shams, Muboraksho Mirzoshoev","['Shams', 'Muboraksho Mirzoshoev']",Shams,2
3SaFlocEBcB06yERpEwY60,Inhaler,5,Hilary Woods,['Hilary Woods'],Hilary Woods,1
5XH5AIgisBZrHK99lA4r2p,Onipa Ka a Na Nyame Nkae,5,"Elder Anthony Boachie, Great Ampong","['Elder Anthony Boachie', 'Great Ampong']",Elder Anthony Boachie,2
5XZovMTy6xZowBCPUPkgSW,Moonflower,5,遠見真矢(CV:松本まりか),['遠見真矢(CV:松本まりか)'],遠見真矢(CV:松本まりか),1
7hJyt4htgDUhF3Cfjshlsl,"Смотри, что вышло",5,Bi-2,['Bi-2'],Bi-2,1
43qPsA3zeD1a4oRphwGGsa,Culver Hotel,5,"Chad Michael Butler, Yuna Kim","['Chad Michael Butler', 'Yuna Kim']",Chad Michael Butler,2
1yhulpzvwqMM4nhoz5gmSk,唯有祢是聖潔的,5,同心圓‧敬拜者使團TWS,['同心圓‧敬拜者使團TWS'],同心圓‧敬拜者使團TWS,1
548xut444NM1lrNSGSZ9FI,The Bird On The Wire,5,Orchestre de la fin du monde,['Orchestre de la fin du monde'],Orchestre de la fin du monde,1
5HZ45zgEmpuyqVOU4hoNcz,The Way To You,5,Nao Matsushita,['Nao Matsushita'],Nao Matsushita,1
0k1jxvTgYLyAeLJs8CBrr0,放不低 - Live,5,"Sammi Cheng, David Ling Jr","['Sammi Cheng', 'David Ling Jr']",Sammi Cheng,2
51bu3cNyMlctOJeIOz8DYZ,Bolero,5,Jeff Pierre,['Jeff Pierre'],Jeff Pierre,1
2QK1hOqzfyLktYE45a88g8,Le strade (feat. Nomadi),5,"Celtas Cortos, Nomadi","['Celtas Cortos', 'Nomadi']",Celtas Cortos,2
36KiQtrkWpqQYJSOZg4P4o,A House,5,"Joris Voorn, Kid A","['Joris Voorn', 'Kid A']",Joris Voorn,2
0fm5miZRxD3a8zDYlNvREM,Angels in the Sky,5,Marc Hartman,['Marc Hartman'],Marc Hartman,1
76o3eijOAbL3kSfLJY9zTo,Ghosts and Skull,5,Khaled Abdrabo,['Khaled Abdrabo'],Khaled Abdrabo,1
5G8CJVRlfK2zgO1tksC58z,Jäinen pääsiäinen,5,NNS,['NNS'],NNS,1
16MzLzxmNDxlyVRJZIa52o,Solo Ati,5,Roy y Los Gentiles Oficial,['Roy y Los Gentiles Oficial'],Roy y Los Gentiles Oficial,1
4bo8lJjElcMP7yINePloUK,Er dette alt,5,"Cezinando, Chirag","['Cezinando', 'Chirag']",Cezinando,2
7EpJ0a2n98YUvvQcdISiKl,Vattenne,5,"Daniele De Martino, Valentina Belli","['Daniele De Martino', 'Valentina Belli']",Daniele De Martino,2
5M4Hz5vs0GTEFkqIus8kg6,I En Hall Med Flesk Og Mjod (with Commentary),5,Darkthrone,['Darkthrone'],Darkthrone,1
7M8Grx2D7Jy09vBpBpVMCj,"The Origin of Love (feat. KJ Apa, Lili Reinhart, Camila Mendes & Cole Sprouse)",5,"Riverdale Cast, Camila Mendes, Cole Sprouse, KJ Apa, Lili Reinhart","['Riverdale Cast', 'Camila Mendes', 'Cole Sprouse', 'KJ Apa', 'Lili Reinhart']",Riverdale Cast,5
46YNqf63l9LN5sFwCFh9Xp,My Song 4U (Carlos Gallardo Deeping Remix),5,Carlos Gallardo & Peyton,"['Carlos Gallardo', 'Peyton']",Carlos Gallardo,2
1NWbSy5XRko0pkFUgPXwzu,"Peste Prut, la răsărit - Trio",5,"Nicu Mâță, Paul Ananie, Gabriel Dumitru, Orchestra Lăutarii","['Nicu Mâță', 'Paul Ananie', 'Gabriel Dumitru', 'Orchestra Lăutarii']",Nicu Mâță,4
61tssDI2rHaFuNdrdX0Ydx,Hát Ru Tình Yêu,5,Đan Trường,['Đan Trường'],Đan Trường,1
3CLLThUqGL2SMFNI73X9rh,Cirrus & Cumulus,5,Mark Barrott,['Mark Barrott'],Mark Barrott,1
2UwhM038y1qy1ElbSrHctI,Fast Tapping and Rambling Pt. 6,5,Marno ASMR,['Marno ASMR'],Marno ASMR,1
668WZ5gAv5hmDVqujpn4E5,ZeroGee,5,KLANGSTEIN,['KLANGSTEIN'],KLANGSTEIN,1
6hwkd7hSV7h74wFpbY94z7,No Soy la Misma Tonta de Ayer,5,Noemi Huamán,['Noemi Huamán'],Noemi Huamán,1
1BDzMZ4qYm2mIRHqN8PgDE,Everything but the Truth,5,Lucinda Williams,['Lucinda Williams'],Lucinda Williams,1
3m8JHnGBxdhrwTC5HpzCTY,Anything Is Possible - Remastered High Energy Upgrade,5,Accuface,['Accuface'],Accuface,1
6aVibimLRoB50apCtmTCdb,Rosor och Salivier,5,"Ale Möller, Lena Willemark, Hans Ek, Västerås Sinfonietta, Rafael Sida Huizar","['Ale Möller', 'Lena Willemark', 'Hans Ek', 'Västerås Sinfonietta', 'Rafael Sida Huizar']",Ale Möller,5
170JZZ2NYV5hjO16XvPk4O,El Paradiso - Groove81 Extended Remix,5,"DJ Antoine, Armando, Jimmi The Dealer, Groove81","['DJ Antoine', 'Armando', 'Jimmi The Dealer', 'Groove81']",DJ Antoine,4
1ky7OQ7aoO64WcvFskg0tF,Whatever Makes You Happy,5,Timothy James Bowen,['Timothy James Bowen'],Timothy James Bowen,1
15JuN7uznen469DHMHSqn9,A Little Bit More (feat. Ben Racine),5,"Dawn Tyler Watson, Ben Racine","['Dawn Tyler Watson', 'Ben Racine']",Dawn Tyler Watson,2
6I7hscAMJURcpMRT0Z5mVT,Hydrogen,5,Coakira,['Coakira'],Coakira,1
0DlSr4DGFndHaioSRUI5fN,Kaikki on hetken tässä,5,Olavi Uusivirta,['Olavi Uusivirta'],Olavi Uusivirta,1
3DdcGXZQIQUAnCdhU2DUZT,Bedtime Music - Relaxing Sleep Music for Restful Sleep,5,Evgeny Nazarenko,['Evgeny Nazarenko'],Evgeny Nazarenko,1
5sWYRkcI5tp1JDIz9JLqUl,Sean & Nathan,5,Arnaud Rebotini,['Arnaud Rebotini'],Arnaud Rebotini,1
2gE2g7dMCMGAJRGsqM9kfU,怒りの矢を放て!,5,Scheherazade,['Scheherazade'],Scheherazade,1
6wGrpMGny5fhxR8ucyXOVD,Scary Monsters (And Super Creeps),5,Sinister Skeletons,['Sinister Skeletons'],Sinister Skeletons,1
44SwduQVRzJIjOZFJgp3mJ,Det er oss to,5,Trygve Skaug,['Trygve Skaug'],Trygve Skaug,1
3erl0FObO8chDEgakytySv,Monsters In Disguise,5,Orien,['Orien'],Orien,1
0CBmHBzxbgsgMjOmFSRVFX,Tonight Forever Bound - An Erotic End of Times Remix,5,"Pure Obsessions & Red Nights, An Erotic End of Times","['Pure Obsessions', 'Red Nights', 'An Erotic End of Times']",Pure Obsessions,3
0eejiuHwBNUHQPUpQJgWEf,Bossa Nova Eyes,5,"Uptown Vocal Jazz Quartet, Richie Cole","['Uptown Vocal Jazz Quartet', 'Richie Cole']",Uptown Vocal Jazz Quartet,2
2r8z3PoXVvZyZW7GgxdaD7,"Christmas Oratorio, BWV 248 / Part Two - For The Second Day Of Christmas: No. 10 Sinfonia",5,"Johann Sebastian Bach, English Baroque Soloists, John Eliot Gardiner","['Johann Sebastian Bach', 'English Baroque Soloists', 'John Eliot Gardiner']",Johann Sebastian Bach,3
04WEd36S3gKjWng5u0mjmI,Le Canım,5,Murat Yalçın,['Murat Yalçın'],Murat Yalçın,1
5alitvUD5zOvaQqrHzcpYL,Origin - Original Mix,5,Suncatcher,['Suncatcher'],Suncatcher,1
2QMK51hX6EjxHctymvZxfN,Identity Proven Matrix,5,Tangerine Dream,['Tangerine Dream'],Tangerine Dream,1
0Hivm2txg2oOzKafwYlLlQ,Como Dijiste - Pista de Acompañamiento/Tono Original (con Coros),5,Christine D'Clario,"[""Christine D'Clario""]",Christine D'Clario,1
6UHjgasaLmVA0Hi830YjJd,"Suite Bergamasque L.75: III. ""Clair de Lune""",5,Christmas Hits Collective,['Christmas Hits Collective'],Christmas Hits Collective,1
6NTHGQKgeYR8bjhl8sBDAo,White Cat,5,Camilla Sparksss,['Camilla Sparksss'],Camilla Sparksss,1
3UmjoAKMezQcgcJwLqRPJX,1942 in Kalamazoo,5,The Vintage Vandals,['The Vintage Vandals'],The Vintage Vandals,1
3QqxZkjpe45HAbbHMqRmH5,ทุกยาม,5,Pongsit Kampee,['Pongsit Kampee'],Pongsit Kampee,1
2i1JdtyeiSmb6yG2VXdVRf,Love you Love you - (Remixed by CARREC),5,"Yuki Ijuin, CARREC","['Yuki Ijuin', 'CARREC']",Yuki Ijuin,2
1h6udToJhgKJ9C4R0d1AyV,Slonce pokonal cień,5,Wilki,['Wilki'],Wilki,1
4HFmKmirVDb8noNbGIoGB1,Dangerous - Original Mix,5,Tim Dian,['Tim Dian'],Tim Dian,1
6YHvh2Qe0hd2PfsBXXbvmB,A Thousand Times,5,Alexander Broussard,['Alexander Broussard'],Alexander Broussard,1
1A2Gngz2akHDZlg8fkXMDx,時を刻む詩,5,Novelbright,['Novelbright'],Novelbright,1
4yEgKG4TwQAp0ffi2kwmJr,All The While,5,Calibre,['Calibre'],Calibre,1
0WaPgnoMyYbgrrLnhbu7TX,"Toccata and Fugue in D Minor, BWV 565: II. Fugue",5,"Johann Sebastian Bach, Nicholas Danby","['Johann Sebastian Bach', 'Nicholas Danby']",Johann Sebastian Bach,2
5dl5ztgLAilKduuEIwh4Nr,Dedicated to...,5,"Allan Taylor, Michael Koschorrek, Ralf Gustke, Hans-Joerg Maucksch, Dieter Burmester, Michael Kleinhans","['Allan Taylor', 'Michael Koschorrek', 'Ralf Gustke', 'Hans-Joerg Maucksch', 'Dieter Burmester', 'Michael Kleinhans']",Allan Taylor,6
7zmWPThgrdIsvjqwUL4wD8,Luisa Maria,5,Luis Miguel Del Amargue,['Luis Miguel Del Amargue'],Luis Miguel Del Amargue,1
78hhkmACGM9H9MIh4KWBdM,Diablerie,5,Windhand,['Windhand'],Windhand,1
6yec1OoK61qA1yJP1a8nHV,Time Traveller,5,"Beta 2, Steo","['Beta 2', 'Steo']",Beta 2,2
0dx6UqLIyHfHL737OETwkU,Den hemmelige sommer,5,Kjell Inge Torgersen,['Kjell Inge Torgersen'],Kjell Inge Torgersen,1
1UtLBIRO3d85JTCNk84wMR,Bygone Days(Inst.) (Instrumental),5,MIGYO,['MIGYO'],MIGYO,1
4sPQQG0qY7znFcGy3t8DJC,Bishtaro Bishtar,5,Fariborz Lachini,['Fariborz Lachini'],Fariborz Lachini,1
5yuwnCjiYhFB9snNBdxusV,Meditation De Thaïs,5,Gammalgrass,['Gammalgrass'],Gammalgrass,1
2q9UPUFgaggYPUGz5avivc,Hiç Düşündün mü,5,Kibariye,['Kibariye'],Kibariye,1
7ogOelNMaxMc6MSfAh7XLm,Hidden Planes,5,Solomon Grey,['Solomon Grey'],Solomon Grey,1
5LrBKTI773azX7fk21aMMp,Balkan Toxin,5,"Gáspár Kálmán Leon, Khamoro Budapest Band","['Gáspár Kálmán Leon', 'Khamoro Budapest Band']",Gáspár Kálmán Leon,2
4rhJDMesXsaNQdWvpv88yw,Orang Asing,5,Sweet Charity,['Sweet Charity'],Sweet Charity,1
3xMZ96emhvLTOlxBWBaWz2,Binaural Tones,5,Massage Therapy Studio,['Massage Therapy Studio'],Massage Therapy Studio,1
6lyyK8FbRm8iJw9b2WpC06,City - Luca Debonaire & Kiki Doll Deep Mix,5,"Kiki Doll, Luca Debonaire","['Kiki Doll', 'Luca Debonaire']",Kiki Doll,2
219KeI9335waIH74DNTCy3,Siko Horepse Sirtaki,5,"Bouzouki Kings, Giorgos Zambetas","['Bouzouki Kings', 'Giorgos Zambetas']",Bouzouki Kings,2
6StN2FS3HDprbcIUPsMQGH,Give Up Because There Is No Point,5,Jacksonifyer,['Jacksonifyer'],Jacksonifyer,1
48PsuZoOxcQyhS8OqLgJNH,Rolling In the Deep (The Aretha Version) - Papercha$er Remix,5,"Aretha Franklin, Papercha$Er","['Aretha Franklin', 'Papercha$Er']",Aretha Franklin,2
7e4KjCl21npcKsuxwJz0uQ,Let It Go,5,Bernard Allison,['Bernard Allison'],Bernard Allison,1
6yFTo1lkBBjVZhAqbwdoS2,Real Live S**t - Original Mix,5,Ringbaan,['Ringbaan'],Ringbaan,1
5AKkPUNDbISdogs0tV61yC,Numéro,5,"LaCrême, Ladybird","['LaCrême', 'Ladybird']",LaCrême,2
2kLEJnmA1rYMHyhClUL1jE,A Peaceful Music,5,Relaxing Mindfulness Meditation Relaxation Maestro,['Relaxing Mindfulness Meditation Relaxation Maestro'],Relaxing Mindfulness Meditation Relaxation Maestro,1
4dzv3jtpuKlBXn8OB1rYs5,Mary Jane,5,Matt Doyle,['Matt Doyle'],Matt Doyle,1
3twZIomEryDks3qgQUPcuE,Beauty - Costa Mee Remix,5,"Pete Bellis & Tommy, Costa Mee","['Pete Bellis', 'Tommy', 'Costa Mee']",Pete Bellis,3
4CWtxOPWTdzkGAkYIY9MCq,Rất Buồn,5,Hoài Lâm,['Hoài Lâm'],Hoài Lâm,1
0yqQUndk8WitYOgRwjZcdL,Vita est circus,5,Lazuli,['Lazuli'],Lazuli,1
4xbbnNLgIUdbtd05GqtiuZ,Testigo (Pt1: Mujer Laberinto),5,Alex Verdugo,['Alex Verdugo'],Alex Verdugo,1
52Tx8maaIZealGPbLyGfYs,Brouwer: El Decamerón negro: III. Balada de la doncella enamorada,5,"Leo Brouwer, Sharon Isbin","['Leo Brouwer', 'Sharon Isbin']",Leo Brouwer,2
71ae4ozrFWf3OkvVdgkG61,Lighthouse,5,Fox Amoore,['Fox Amoore'],Fox Amoore,1
4FmahVHLSWy5wzxUkPL51I,おはよう世界 - 2020 ver.,5,Manatsu Nagahara,['Manatsu Nagahara'],Manatsu Nagahara,1
4xewZvHLNTxGydR94mudBQ,Часть 9.3 - Фантастика,5,Борис Акунин,['Борис Акунин'],Борис Акунин,1
3Rja689ScGeQfjGQV5D66s,Скачки - Live,5,Mashina Vremeni,['Mashina Vremeni'],Mashina Vremeni,1
7j3yvRqzzaSR8aotbDYt09,What's It All About? (feat. Doc Brown),5,"The Haggis Horns, Doc Brown","['The Haggis Horns', 'Doc Brown']",The Haggis Horns,2
5FvHO7x2O9JCcMCp4Vayu1,Knights of Jerusalem,5,Dexter Ward,['Dexter Ward'],Dexter Ward,1
2IR37fN7MOBUfmjF3LnMF7,You Restore My Soul (Instrumental Music),5,Terri Geisel,['Terri Geisel'],Terri Geisel,1
5Wyb2gdgjiEywXS3uSq5fn,桃源郷エイリアン (第202〜227話 OP),5,Yuuki Okamoto,['Yuuki Okamoto'],Yuuki Okamoto,1
6jMpLcLuX0t1sauH87KC31,A Day for Redemption,5,Mors Principium Est,['Mors Principium Est'],Mors Principium Est,1
6QB26Czhv7WcWdCQvF1Omo,Me knu me vullnet,5,"Ylli Demaj, Adelina Tahiri, Ryva Kajtazi","['Ylli Demaj', 'Adelina Tahiri', 'Ryva Kajtazi']",Ylli Demaj,3
7BGiPRsliMwDpbKjpZvLBW,Who's Got The Blues To Blame,5,Dana Gillespie,['Dana Gillespie'],Dana Gillespie,1
4wBWXHg46tj1mc40dF4CpK,This Back Is Free To Pat On,5,Mozes and the Firstborn,"['Mozes', 'the Firstborn']",Mozes,2
2Z05lozD5LWwlegehofUIA,It Ain't My Fault (feat. Chali 2na) - Kraak & Smaak Instrumental,5,"Krafty Kuts, Dynamite MC, Chali 2na, Kraak & Smaak","['Krafty Kuts', 'Dynamite MC', 'Chali 2na', 'Kraak', 'Smaak']",Krafty Kuts,5
2qRrT4t4CmVLKj8FZEQ8al,Música para Dormir,5,"Ana Consejos, Musica Relajante","['Ana Consejos', 'Musica Relajante']",Ana Consejos,2
31inoDMh79nH50PZXrCZFi,Morphing Object - Original Mix,5,"Sideform, Sonic Entity","['Sideform', 'Sonic Entity']",Sideform,2
0UsDtmZWiwiX1qoc7qQ3gX,One More Time (Workout Dance Remix),5,Workout Dance Factory,['Workout Dance Factory'],Workout Dance Factory,1
64pqL5CcTN9RmcnCAyTUBJ,Jugendliebe,5,Entspannungszeit,['Entspannungszeit'],Entspannungszeit,1
3nyjscm0zJbb0a8Iv7hcdu,Kapitel 25 - Folge 151: Die Topharbraut,5,"Gruselkabinett, Michael Pan, Matthias Lühn, Horst Naumann, Claudia Urbschat-Mingues, Hanns Heinz Ewers","['Gruselkabinett', 'Michael Pan', 'Matthias Lühn', 'Horst Naumann', 'Claudia Urbschat-Mingues', 'Hanns Heinz Ewers']",Gruselkabinett,6
40I8LbxWFPIjk2D90UEzAy,Dream On,5,"Ty Ardis, Albert Lennard Project","['Ty Ardis', 'Albert Lennard Project']",Ty Ardis,2
7HK38MWa0BxS9eXpkJAqDl,Sofia - Remix,5,Low Deep T,['Low Deep T'],Low Deep T,1
7sybcYByU2DRb57F2sZ5d3,Hark (Se Oye Un Son) [feat. Pauli Salas],5,"Zion Worship, Pauli Salas","['Zion Worship', 'Pauli Salas']",Zion Worship,2
1yzkVuNSH2CnO0d6lOC0r3,The Byzantine Empire,5,Andreas Waldetoft,['Andreas Waldetoft'],Andreas Waldetoft,1
3UEk5j3HTJwuqq98w4yxux,"Super Bad - Live At The Olympia, Paris / 1971",5,"James Brown, The J.B.'s","['James Brown', ""The J.B.'s""]",James Brown,2
5XnEd4ZoDXdOfkes8B4Mw3,Contra La Corriente,5,Marc Anthony,['Marc Anthony'],Marc Anthony,1
2QJTqsJMwlxW06I55i55xF,Under Pressure,5,Acoustic Heartstrings,['Acoustic Heartstrings'],Acoustic Heartstrings,1
4KQGT1w6CLxQARuWzPFDQ3,頭擺个事情,5,陳永淘,['陳永淘'],陳永淘,1
7mGocKR24KemdCm4JmiH0O,Jason's Gonna Get Ya,5,"Michael Dease, Tim Green, Glenn Zaleski, Rodney Whitaker, Ulysses Owens","['Michael Dease', 'Tim Green', 'Glenn Zaleski', 'Rodney Whitaker', 'Ulysses Owens']",Michael Dease,5
75gyzFdhiS5Bprz0UCRCs1,No Trust,5,"Chimpo, DRS, Slay, Rago Loco","['Chimpo', 'DRS', 'Slay', 'Rago Loco']",Chimpo,4
5AR3OF2bVxqh6p7brldsGx,Bailarina,5,Ventre,['Ventre'],Ventre,1
1WDjuJfpZ2JsmkoUPC5B4l,Thơ Tình Cuối Mùa Thu,5,Thu Uyên,['Thu Uyên'],Thu Uyên,1
2NNBTCfzAgyolaaZNNzD4O,ARIGATOUNO WA - Cover ver.,5,Baby Band,['Baby Band'],Baby Band,1
465EdPfedCDmofyICPGmiF,Měla Jsem Vrásky Na Čele,5,Jana Rychterová,['Jana Rychterová'],Jana Rychterová,1
4Wmjr8wNvU4O3tj3CXRmkE,雨の街 - Re:Lilly remix,5,Re:Lilly,['Re:Lilly'],Re:Lilly,1
0OYbUI94jw0vLQeAmKKZ53,Keep On,5,Vanilla,['Vanilla'],Vanilla,1
0bfR5yS6O5iBtPcy3osb4o,Filho Bonito (Beautiful Boy) - Ao Vivo,5,Mãeana,['Mãeana'],Mãeana,1
1ZqyyPtqmuF2NIgM1Q4HQU,Katigu,5,"JayRex SuiSui, Jharvii, Robby T","['JayRex SuiSui', 'Jharvii', 'Robby T']",JayRex SuiSui,3
2ygEuxlruHbNExTpYEf114,Soon Forward,5,Gregory Isaacs,['Gregory Isaacs'],Gregory Isaacs,1
6CVHaFo0PFLx3KgpIVZNtd,My sme mladí optimisti,5,Chiki Liki Tu-a,['Chiki Liki Tu-a'],Chiki Liki Tu-a,1
0tdZ7DLHdoVwGoUVLhjwNJ,Ayang Ayang,5,Mahesa,['Mahesa'],Mahesa,1
35Q5IXO6RB6ONvF6OECuaS,"One more time, One more chance",5,UNCHAIN,['UNCHAIN'],UNCHAIN,1
0SMDBUU0SnDmZuPxXU4db3,We Are Lost,5,"The Sleeping Tree, Niam","['The Sleeping Tree', 'Niam']",The Sleeping Tree,2
0roR460UL4Ebxn1susFMoD,El Ritmo Pitufino (Baila Mi Ritmo),5,La Pitufobanda,['La Pitufobanda'],La Pitufobanda,1
06DiDwuhP9Cy8aVKm0QITC,君の知らない物語 (TVアニメ『化物語』より),5,Relaxing Orgel,['Relaxing Orgel'],Relaxing Orgel,1
4ZbuRm2vfftniykGwSzqLj,The Shade in My Heart,5,Counting Clouds,['Counting Clouds'],Counting Clouds,1
7IqSJBwdIHoY61MQaa5UHG,Mentari Merah Di Ufuk Timur,5,Search,['Search'],Search,1
50rxiIv4Wu1XSL6tR9p3Cj,Make Me Cry,5,Sandy Turnbull,['Sandy Turnbull'],Sandy Turnbull,1
7AMaAAqDIHsmXgKEiS1qho,Weil mein Herz dich nie mehr vergisst,5,Adoro,['Adoro'],Adoro,1
5YE0Fa71D3fdJG0su8fAEb,永遠プレッシャー(オリジナルアーティスト:AKB48)[ガイドメロディ無しカラオケ],5,歌っちゃ王,['歌っちゃ王'],歌っちゃ王,1
1RTqzcHjqSZ2zXJohGC8pk,Lovers on the Run,5,Ungdomskulen,['Ungdomskulen'],Ungdomskulen,1
3ftxe01XosjKVCZN58Iyea,Cruise Control,5,Jeffrey Paradise,['Jeffrey Paradise'],Jeffrey Paradise,1
6oj6wUZncWexwMej4aFOla,The Voices of Tribes,5,Miltatek,['Miltatek'],Miltatek,1
72ILRnJGOuc4csNMA3ugHL,Hoffnung,5,MoshTekk,['MoshTekk'],MoshTekk,1
7eLk3YgPPlZzHq7J8wxMFT,Levantare Bandera,5,Petrona Gonzales,['Petrona Gonzales'],Petrona Gonzales,1
3n15xI2Pcs4WA8YBAwkzLU,Dünya Kirleniyor Dostum,5,Hirai Zerdüş,['Hirai Zerdüş'],Hirai Zerdüş,1
0BDLiK5jXCFlhMyiTbIGoo,Typical Standards,5,Vagina Lips,['Vagina Lips'],Vagina Lips,1
2OW4Hd3n9haVdR5Zn3bqrV,Paradise Live - MAKI Mix,5,西木野真姫(CV.Pile),['西木野真姫(CV.Pile)'],西木野真姫(CV.Pile),1
57pbOPZayQ0H9aLL8RCZ0u,Karasuman,5,Electric Dragon,['Electric Dragon'],Electric Dragon,1
5ZYdhBZMHC9R7XuXnr4B5u,Flamenco Boogie,5,"Lluís Coloma Trio, Lluís Coloma, Manolo Germán, Marc Ruiz","['Lluís Coloma Trio', 'Lluís Coloma', 'Manolo Germán', 'Marc Ruiz']",Lluís Coloma Trio,4
3xnRCJRypqAzt3QMEuNQXw,Deeper and Deeper - Sebastien Leger Remix,5,Dave Gahan,['Dave Gahan'],Dave Gahan,1
15xQVJcr84nsmiMrUoRucd,Wonder Trip Lover,5,Yukiko Okada,['Yukiko Okada'],Yukiko Okada,1
7mwLJsw3kcKVV1g9O2zbsL,Laat die Hele Aarde Juig - Live,5,Retief Burger,['Retief Burger'],Retief Burger,1
0DX4trnf7rqZ5tuUThSh3Q,Kuta Whisper,5,Dore,['Dore'],Dore,1
4lIzQCDv9hNFw98T2RJBhj,Flashback - Esmink Remix,5,El Remolón,['El Remolón'],El Remolón,1
3itSncOcFUGUJlcKAxH8wc,"Outlander - Ferne Ufer, Kapitel 354",5,"Diana Gabaldon, Birgitta Assheuer","['Diana Gabaldon', 'Birgitta Assheuer']",Diana Gabaldon,2
1bfSO6AOw2XUGCPidNZHBK,Welcome to the Black Parade,5,Radnor,['Radnor'],Radnor,1
4QMVfAxnthKcOIh5l4TnSG,"Sube, Sube, Sube (Vivo Teatro Coliseo)",5,Teresa Parodi,['Teresa Parodi'],Teresa Parodi,1
1sTY4njqMyIBSUdFDhNUXo,Danno Budunge,5,"Chandimal Fernando, Mahi Pasquel","['Chandimal Fernando', 'Mahi Pasquel']",Chandimal Fernando,2
1DhTdpBWGhmTrCUx3Ww1jc,Haldoz,5,İbrahim Can,['İbrahim Can'],İbrahim Can,1
1RcykZXmDFTNZxzFeLVVim,Doing Your Makeup Pt.5,5,ASMR Glow,['ASMR Glow'],ASMR Glow,1
2OPN2aDofES8qgT9uMozYN,El Petit Princep,5,"Simfònica de Cobla i Corda de Catalunya, Manu Guix, Elena Gadel","['Simfònica de Cobla i Corda de Catalunya', 'Manu Guix', 'Elena Gadel']",Simfònica de Cobla i Corda de Catalunya,3
4XGQFJrjJsS7VWhyiiVXTO,Jerusalem - Zahrat Al Madaen,5,Dorsaf Hamdani,['Dorsaf Hamdani'],Dorsaf Hamdani,1
54vtfEzBQ04Q6JAhofPxer,Highway Superstar ft Honey Colonna - Minds to Rest,5,"Honey Colonna, Highway Superstar","['Honey Colonna', 'Highway Superstar']",Honey Colonna,2
2Hg59O9CAuDMMgpeByp6yk,Another Day,5,Keni Rightout,['Keni Rightout'],Keni Rightout,1
7hEoGCPqZi9qY2uS32CVVh,Divojka S Juga,5,"Neno Belan, Fiumens","['Neno Belan', 'Fiumens']",Neno Belan,2
6kCZGTPDHHniWgSldH5xzy,Hormigas,5,Jacana Jacana,['Jacana Jacana'],Jacana Jacana,1
6Yrd5vdnhBi7SXj4UijdIO,Distant Sun,5,EAMONN KARRAN,['EAMONN KARRAN'],EAMONN KARRAN,1
6m8Qb9kqqmFHiwTCpns8Qn,Illuminati,5,Alfa Sekta,['Alfa Sekta'],Alfa Sekta,1
0hzqRWHdfhTyaje2We8amk,Oszd meg és uralkodj,5,Füstös,['Füstös'],Füstös,1
7j3UOPhA1kYxIgjz2Fmbz1,"Das Rachespiel, Kapitel 22",5,"Arno Strobel, Sascha Rotermund","['Arno Strobel', 'Sascha Rotermund']",Arno Strobel,2
13ApEeZJDTeHmfzIBiZ3Sn,Solo Tu Eres Santo,5,Julio Elias,['Julio Elias'],Julio Elias,1
0toQXHy4JeAQzHm66CF7JK,Застыл и остыл,5,Ада,['Ада'],Ада,1
54sjsx6OHOwA4t9RQYqWdV,Ridiculous,5,Dope D.O.D.,['Dope D.O.D.'],Dope D.O.D.,1
7xAkvVpjz6pCeYyMsq6gzP,我要一生一世住在你聖殿,5,"玻璃海樂團, Airy Chan, Gabby Yeung","['玻璃海樂團', 'Airy Chan', 'Gabby Yeung']",玻璃海樂團,3
5MnlUuB6VS3y7JmHx2RoHL,Switches,5,Cotton Claw,['Cotton Claw'],Cotton Claw,1
6MZwDBpONojuaJxGTGbll5,El Papelazo - En Vivo,5,"Haydée Milanés, Kelvis Ochoa","['Haydée Milanés', 'Kelvis Ochoa']",Haydée Milanés,2
0CgSXHpS7zjzLly9Su2ium,Dragon Robe,5,Yamaoka,['Yamaoka'],Yamaoka,1
5lvjPEz0g86Py5BYtzDQqy,Guerreiro de Sião,5,Ato Libertário,['Ato Libertário'],Ato Libertário,1
3nSUgpAMOG4AQLRFExB9rk,Phoenix,5,The Synthphonix,['The Synthphonix'],The Synthphonix,1
2jW26c4C6YY1T4dwifwbqc,Am si eu fericirea mea,5,Dorel de la Popesti,['Dorel de la Popesti'],Dorel de la Popesti,1
7za5JGYgOBcmfb1YewDXL5,Tú querías jugar - Live Olympia París; 2016 Remastered Version,5,Compay Segundo,['Compay Segundo'],Compay Segundo,1
72AMvpO7USRrY3nbDppNnk,No Te Importó Lo Que Fui,5,"Brandon Echavarria, legado, Solangie Rodriguez, Alto Destino, Andrés Guerrero, Angie Ramirez, Antonella Guerrero, Carlos Hurtado, Leydy Ulcue, Maria Camila Novoa, Sara Novoa, Valery Guerrero","['Brandon Echavarria', 'legado', 'Solangie Rodriguez', 'Alto Destino', 'Andrés Guerrero', 'Angie Ramirez', 'Antonella Guerrero', 'Carlos Hurtado', 'Leydy Ulcue', 'Maria Camila Novoa', 'Sara Novoa', 'Valery Guerrero']",Brandon Echavarria,12
6dI7s52FcsKQhrAD2KeGTY,Teu Nome Engrandecer,5,"Marcio Teixeira, Coral Voice Soul","['Marcio Teixeira', 'Coral Voice Soul']",Marcio Teixeira,2
3kDdDG5H2Z6ojIaUcKZy7P,Aguayra - Fucking Minimal Mix,5,"Daniel Aguayo, Regan","['Daniel Aguayo', 'Regan']",Daniel Aguayo,2
4eZl5blIXOH4jkw2VGbVfm,海辺の風のメッセージ,5,阿尾茂毅,['阿尾茂毅'],阿尾茂毅,1
6sQyqKibyhVGm34VgLCl9Z,Bei Nacht H (178),5,Kobosil,['Kobosil'],Kobosil,1
3zKeuoBrmGFJGNjd2LUzfP,Bạc Bẽo Đời Em,5,Ngọc Hân,['Ngọc Hân'],Ngọc Hân,1
18YsNcg3M6ZZP6GHt4hIQd,Swell,5,Haleiwa,['Haleiwa'],Haleiwa,1
1yn4GslwIpEgIrkO4rYEsE,Королевство (версия 2019),5,Pilot,['Pilot'],Pilot,1
1EtaloeHlyvREtkOfln313,Sounds for Celebration (Liars Remix),5,"Re-TROS, Liars","['Re-TROS', 'Liars']",Re-TROS,2
1cV9KN3YiPEyPKVjwGBZEc,Love,5,Valery Teashler,['Valery Teashler'],Valery Teashler,1
27DBsC6nFDxQhtW0U2Q7BB,Criollo,5,"Pichy Valdés, Saoco Son","['Pichy Valdés', 'Saoco Son']",Pichy Valdés,2
6aVeT7lJcTjN5QkMhfdEKP,The Secret Life of Us,5,"Joey Negro, Dave Lee, The Sunburst Band, Diane Charlemagne, Donna Gardier","['Joey Negro', 'Dave Lee', 'The Sunburst Band', 'Diane Charlemagne', 'Donna Gardier']",Joey Negro,5
1FmSS2jZ4y0EuDmIZG33yY,Ben O Zalim Yardan Razı Değilim,5,Haydar Öztürk,['Haydar Öztürk'],Haydar Öztürk,1
0pD0o8ZKbwWV9gogSON30b,Princess of Persia,5,"Billy Esteban, Cafe De Anatolia","['Billy Esteban', 'Cafe De Anatolia']",Billy Esteban,2
2tGUJ86d5t3MtlzmV5lmGF,Levitating - Original,5,Saphileaum,['Saphileaum'],Saphileaum,1
5CVAJ4qxozmCgioNSpbZtL,Symphonie d'amour,5,"Kery James, Anissa Stili","['Kery James', 'Anissa Stili']",Kery James,2
4KwcWUMkfGhuEpzh7RYOXH,Mittelohr,5,Cab Drivers,['Cab Drivers'],Cab Drivers,1
2jHGqDoGr9lccsz8sVlo05,Electric Hellhound,5,Wo Fat,['Wo Fat'],Wo Fat,1
2mfTd0I9itWTliO8XGzFjh,Choral,5,Andrea,['Andrea'],Andrea,1
5q1qdeTFxfamZ1Udznawxc,Buddha Child,5,Sarah McSweeney,['Sarah McSweeney'],Sarah McSweeney,1
6Gj36MilG1zTfCNvHnJs0i,Liza - Haxxy Remix,5,Sebastian Krieg,['Sebastian Krieg'],Sebastian Krieg,1
2hG2kxBwa5JQGhklUL7p6c,Reckless Love,5,Remi Collins,['Remi Collins'],Remi Collins,1
3BGbvgPcRYEvx4QsRl4wBQ,Edge of the Earth,5,Mage,['Mage'],Mage,1
4ecnFvAirpTs6NwRF1eWri,Mysty Waltz,5,"Lisa Lynne, Aryeh Frankfurter","['Lisa Lynne', 'Aryeh Frankfurter']",Lisa Lynne,2
2PdI8qqLPdNy9Uyw3ZU8jh,Sourat Al Mursalat,5,Al Sheikh Maher Al Muaiqly,['Al Sheikh Maher Al Muaiqly'],Al Sheikh Maher Al Muaiqly,1
5J310O5jexWVc2U6XUDEY9,"DIE OF HUNGER - Live at Zepp Tokyo 31 May, 2019",5,LOUDNESS,['LOUDNESS'],LOUDNESS,1
0kJdPLWQqkVhuYqi8sfMGp,No Answers,5,Zach Winters,['Zach Winters'],Zach Winters,1
5FKKvd9c7NjFJXtrIGSOmX,Opium - Original Mix,5,"The New Division, Luke Chable","['The New Division', 'Luke Chable']",The New Division,2
78HOWPnvLNDxyh79TQzoLd,MH370,5,"Gabriel D'Or, Bordoy","[""Gabriel D'Or"", 'Bordoy']",Gabriel D'Or,2
4hZSAVOja7zuY0xFfIKATb,Green Grow the Rashes,5,The Irish Rovers,['The Irish Rovers'],The Irish Rovers,1
3gajSvMJe5wdh7s6EqzdBA,Dancin' in My Feet,5,Laura Taylor,['Laura Taylor'],Laura Taylor,1
3WKkfhG7r73hHuuYsI03uK,Time Zone (Phobotrax Remix),5,DJ CON-T,['DJ CON-T'],DJ CON-T,1
2USKS4Uk99qiBV4bc8O18T,Дыши,5,Yougaslava,['Yougaslava'],Yougaslava,1
5h6Qww3dFAX4lsFD4X3mIm,Kumbocero,5,Tino,['Tino'],Tino,1
2C9aaGtw2VZduxGmzPRPoE,Immanuel,5,Loud Harp,['Loud Harp'],Loud Harp,1
0ellQ1YqTwuPzAs6XZ7nCv,Krishna Murari Jaya Krishna Murari,5,Swami Tejomayananda,['Swami Tejomayananda'],Swami Tejomayananda,1
3DqfUdGvFZfXkBRyUtXsaN,Crying - Live,5,Hartmann,['Hartmann'],Hartmann,1
5LpvEKhzn1za7uH54HTL8S,Mai,5,"Quentin Dujardin, Didier Laloy","['Quentin Dujardin', 'Didier Laloy']",Quentin Dujardin,2
59pRhn1roikUGQMdL6cAnT,Strange & Funny,5,"Timmy Regisford, Felicia Graham, Tiger Wilson","['Timmy Regisford', 'Felicia Graham', 'Tiger Wilson']",Timmy Regisford,3
6Hrx02HuORnWcI4HZODNtd,Amar Shonar Bangla Ami Tomay Bhalobashi,5,Joyita,['Joyita'],Joyita,1
7jNQ10spctXXWHHdRF3o7J,フローティング,5,２８１４,['２８１４'],２８１４,1
5IeOONj5ZNvO1nOmVdpSxa,Doin' Time,5,The Silver Dimes,['The Silver Dimes'],The Silver Dimes,1
3T8xRTlFt58XDLObEQ39R8,Panic,5,"Young, Gladys","['Young', 'Gladys']",Young,2
0t5nibF62lzkrzFzxXHcHW,That Kids Got Groove - James Mac Remix,5,"Keith Fortune, James Mac","['Keith Fortune', 'James Mac']",Keith Fortune,2
3DDOIX23zNHynTehEgHcTI,Falling Down,5,Decadawn,['Decadawn'],Decadawn,1
6xqRxNHvkrlDYUGXkwpBTO,Salow,5,Nasteexo Indho,['Nasteexo Indho'],Nasteexo Indho,1
2jzOmJ52z0NqtFJGNKE59P,"Danga Maari Oodhari (From ""Anegan"")",5,"Harris Jayaraj, Dhanush, Marana Gana Viji, Naveen Madhav","['Harris Jayaraj', 'Dhanush', 'Marana Gana Viji', 'Naveen Madhav']",Harris Jayaraj,4
2JiM9vfedXuh39bP6YdGS8,Irritant - Pfirter Remix I,5,Slam,['Slam'],Slam,1
67jKaRAYZ4hdb6fxRfkhu6,World Atlas,5,fhána,['fhána'],fhána,1
2VewyMMhiFYLvau4QEGo5r,"Fall of the Empire - Live, in Saarbrücken, 2015",5,Accept,['Accept'],Accept,1
0fUpGzcLfznwwt3fQM5cu5,One Day,5,Race to Space,['Race to Space'],Race to Space,1
1sc70AVZP1tVL4L5nlJrUT,We Came to Play,5,"Cindy Blackman Santana, John McLaughlin","['Cindy Blackman Santana', 'John McLaughlin']",Cindy Blackman Santana,2
1s7EG9epZ9j9ogwLRJqAgf,Higher,5,Stamina,['Stamina'],Stamina,1
1OPSqQLifqU3HpagQRrcHB,Spiritual Downfalls,5,The Transhumans,['The Transhumans'],The Transhumans,1
3tVWntWOxdDyiBcGuGiGZd,Halcyon (ASOT 953) - 20th Anniversary Remix,5,Chicane,['Chicane'],Chicane,1
5dIWNpj7z30D1HJRafEhg5,Big Top Blues,5,Sax Gordon,['Sax Gordon'],Sax Gordon,1
0zzJsm296wpSRY3wrtuVRS,MY BRIGHT,5,ALBATOROS,['ALBATOROS'],ALBATOROS,1
7alCFsvuf1oxFaGioS2VVL,This Grace - Live,5,"Passion, Kristian Stanfill","['Passion', 'Kristian Stanfill']",Passion,2
70U90NIKH7JmVPtGddsUba,Sunsets In Dreams,5,Dave Z,['Dave Z'],Dave Z,1
60aTV2q6VDF8oV9nXnyREA,Miracle God,5,Chioma Jesus,['Chioma Jesus'],Chioma Jesus,1
0I1MGzbPBnNEftgh8ECyuV,Mourning Man,5,Lady Lizard,['Lady Lizard'],Lady Lizard,1
2mBOc7oP4UOSc7gGuQM2Sr,Kutlu Nebi,5,Engin Titiz,['Engin Titiz'],Engin Titiz,1
5lB8bjvpeq7EH8fPWQJUhR,Strugurle Batut De Piatra Greu E Fara Mama Si Tata,5,Sorinel de la Plopeni,['Sorinel de la Plopeni'],Sorinel de la Plopeni,1
4xnoMa61OaW6AJbUhnJcNv,Prorocy,5,Gypsy and the Acid Queen,"['Gypsy', 'the Acid Queen']",Gypsy,2
454hC8Mxtszf6cDlGpIR9A,When Will We Be Free - Tp's 2016 Instrumental Re-Edit,5,Terrence Parker,['Terrence Parker'],Terrence Parker,1
0gaJZuVlZlHGQlTrsOIfnT,Das Kollektiv,5,ASP,['ASP'],ASP,1
443eoHg1Xw0g6RlLcCoOtQ,El'Diego,5,Lady Zamar,['Lady Zamar'],Lady Zamar,1
0m155bAFzZZM4SDlxVAJTA,To Be,5,Anthony Mea,['Anthony Mea'],Anthony Mea,1
5k3X88ff4Jk6SzO6MvyNgn,Sun,5,Takuya Nakamura,['Takuya Nakamura'],Takuya Nakamura,1
38bNK9eRY6hKhnrKb65iep,Muri Mwari,5,"Joseph Tivafire, The House of Blessings","['Joseph Tivafire', 'The House of Blessings']",Joseph Tivafire,2
7AYmRO83bnd8p1Eqcg9kgq,NUTHIN 2 LOSE (VIP GARBAGE MIX),5,Adryiano,['Adryiano'],Adryiano,1
7iEfmsykz6xHP7hTBfxwiG,1970S,5,Yury Ivánov,['Yury Ivánov'],Yury Ivánov,1
5q0qe6nc0uz4tVSMuUrA8L,Zingaro,5,烏野薰爵士樂團,['烏野薰爵士樂團'],烏野薰爵士樂團,1
4zjRRYF4555oX931ETFwd1,¿Por Qué Tendría Que Llorar por Ti? - En Vivo,5,Ely Guerra,['Ely Guerra'],Ely Guerra,1
39GINaV1UjucRv9NI0UyAG,Backgammon,5,"Ara Malikian, La Banda","['Ara Malikian', 'La Banda']",Ara Malikian,2
3jI9gdxSY4IDPF7nFBH1qi,Cruiser,5,DJ ''S'',"[""DJ ''S''""]",DJ ''S'',1
38VybezLg8RibH8wUpRJey,Santa Cata,5,"Embat Prodz, Miki Leris, Alberto Casallo","['Embat Prodz', 'Miki Leris', 'Alberto Casallo']",Embat Prodz,3
4IDShGiPOvOf8KZMW4FhcJ,Un largo camino (Lascio libero il cielo),5,Paloma San Basilio,['Paloma San Basilio'],Paloma San Basilio,1
6iwUZgTw7Dh2ueXCkgNAuh,Luke 5,5,Streetlights,['Streetlights'],Streetlights,1
1HOTrrvxnHMFcJbFIMirFN,Wide Open,5,Andy Hunter,['Andy Hunter'],Andy Hunter,1
4P7YuZ72mgJuC1ZCFYhXV6,A Fine Way to Close,5,Carter Vail,['Carter Vail'],Carter Vail,1
7mEa7qAEvgxqqP9Gy1pDl9,Bloom,5,Mama Schultz,['Mama Schultz'],Mama Schultz,1
1eJ7nIkemAm8Iwrhw8Wgx7,Dubs,5,Krippsoulisc,['Krippsoulisc'],Krippsoulisc,1
76TdwNkgMRL5toHf0cmwV1,Allomaternal,5,Stolas,['Stolas'],Stolas,1
1uXdgvkvGrvAKe7p96022T,F O A,5,Blair French,['Blair French'],Blair French,1
0ei4iEUDmO8jzCFuSsOB4m,Crazzy Baass,5,Rolling Contact,['Rolling Contact'],Rolling Contact,1
6ZLsjcIasLfzPEI9Q8GLlY,Nocturnal Beings,5,Iñaki Arakistain,['Iñaki Arakistain'],Iñaki Arakistain,1
5sgjYgvMgaMZzROmtXEJOX,Absolute Zero,5,Future Usses,['Future Usses'],Future Usses,1
0Za3er5d7jYgtKmyMPaN07,Muttontown,5,Maxim Vilarri,['Maxim Vilarri'],Maxim Vilarri,1
4XuAIQZprSa6IWnZ8kO2A5,Caminemos,5,Peru Inka's,"[""Peru Inka's""]",Peru Inka's,1
0OCOUZ62B6GL3ZbXnCPc5O,End Of The Line - Live,5,"Warren Haynes, Derek Trucks","['Warren Haynes', 'Derek Trucks']",Warren Haynes,2
4M9yluQKiJ9zf68C3Uewvw,Plava Laguna,5,Consecration,['Consecration'],Consecration,1
3Va0lGH53lQ3VUl7bIXrfK,You and Me,5,Ross Couch,['Ross Couch'],Ross Couch,1
7HPGXDTM3Mer9ixZGZuw4p,The Fox in the Middle,5,Huminal,['Huminal'],Huminal,1
2eu7oldXEwb1Ur9hlAkjmk,Тиша,5,Auktyon,['Auktyon'],Auktyon,1
5mWP5sv79wCWt0jFVKbevw,Asi Me la Vivo,5,"Tm Zaiko, Nuco, Zaiko y Nuco, Flaco, J Alexis, Griser Nsr, Hopper","['Tm Zaiko', 'Nuco', 'Zaiko y Nuco', 'Flaco', 'J Alexis', 'Griser Nsr', 'Hopper']",Tm Zaiko,7
2tpGL5LRTj0o9nKQ05QT9J,Flatra,5,Modd,['Modd'],Modd,1
1O0t4iNL7dkwXncgsEaLYR,Squish,5,The Brecker Brothers,['The Brecker Brothers'],The Brecker Brothers,1
2n3XcO8vMiMdV4uZQ3NKgN,Perverse Mind #1,5,Tomohiko Sagae,['Tomohiko Sagae'],Tomohiko Sagae,1
1QJl9eqtGbmzWVrpnZWFJt,Death Whirl,5,Daze,['Daze'],Daze,1
6m6poCnx9Fv06pvA7p8jw4,Day Break,5,Alex Haas,['Alex Haas'],Alex Haas,1
5JC9b58oRJM74tIO46MYmP,BACK - Piano Version,5,Moonlight Jazz Blue,['Moonlight Jazz Blue'],Moonlight Jazz Blue,1
4VjtzYxPGiIfBB2pGOSWho,"The Final Battle (From ""The Legend of Zelda: Breath of the Wild"")",5,Franco Albertini,['Franco Albertini'],Franco Albertini,1
3Pgp8nOsFSVdbJQr7JhrxN,Thư gửi người miền xa,5,"Tài Nguyễn, Hoàng Anh","['Tài Nguyễn', 'Hoàng Anh']",Tài Nguyễn,2
492YBazMUMydNoG2pXTBN1,Good 2 Me,5,Deadbeat UK,['Deadbeat UK'],Deadbeat UK,1
2vpAw3144qH8A3RsgrPmCS,Todo Ha Cambiado,5,Mickey Cora Y Su Orquesta Cábala,['Mickey Cora Y Su Orquesta Cábala'],Mickey Cora Y Su Orquesta Cábala,1
4nyO1azSuhT5JrETvzEahs,你啊你啊 - 電視劇「用九柑仔店」插曲,5,Waa Wei,['Waa Wei'],Waa Wei,1
1aa8Hr90OKZcDSJChFlZ46,The Stand,5,Mezzo Piano,['Mezzo Piano'],Mezzo Piano,1
4dzIpVftoaus4Az7mLAweq,La Estrella y el Canario,5,Los Violines de Villafontana,['Los Violines de Villafontana'],Los Violines de Villafontana,1
5TZY04XlVeRx7Tv2F2amLa,Loss - Original Mix,5,Subalpine,['Subalpine'],Subalpine,1
1Apm55HGI2fVWpWvCF2Ycz,Pièce à trois violes en Ré Mineur: I. Allemande,5,"Antoine Forqueray, Atsushi Sakai, Christophe Rousset, Marion Martineau, Isabelle Saint-Yves","['Antoine Forqueray', 'Atsushi Sakai', 'Christophe Rousset', 'Marion Martineau', 'Isabelle Saint-Yves']",Antoine Forqueray,5
1Ej7djF5ihCOBc5HUY4Brf,Flute Concerto in D Major: I. Allegro,5,"Giacinto Schiatti, Raffaele Trevisani, Ensemble Barocco Carlo Antonio Marino, Natale Arnoldi","['Giacinto Schiatti', 'Raffaele Trevisani', 'Ensemble Barocco Carlo Antonio Marino', 'Natale Arnoldi']",Giacinto Schiatti,4
3ncbKTafDmMsKYGiR1T4Hg,Heikoilla Jäillä,5,Kotiteollisuus,['Kotiteollisuus'],Kotiteollisuus,1
7l4EH4NimMzh5JaFVQp1vu,I Am the Resurrection and the Life,5,Karen Davis,['Karen Davis'],Karen Davis,1
6IyVgtUs6gilFCC8yJ3vgV,Vespera de Natal,5,Natal,['Natal'],Natal,1
1hiOEpkwMud5VJcwLeARNq,You Got the Love,5,Ana Popovic,['Ana Popovic'],Ana Popovic,1
1eDk7jbNkxH8H58RxA6ooc,Bayanganmu,5,Elvy Sukaesih,['Elvy Sukaesih'],Elvy Sukaesih,1
31deshMzthQpyEBKkawdwj,Your Ex Doesn't Mark Treasures,5,Fucking Werewolf Asso,['Fucking Werewolf Asso'],Fucking Werewolf Asso,1
6lHxoJvbDSxYaZzU8ogwB0,"Господи сил, с нами буди",5,Хор Сретенского монастыря,['Хор Сретенского монастыря'],Хор Сретенского монастыря,1
2ruvIwBWAOgoQ4i5o1ovec,Bayapadaathae,5,Rev. John Vijey,['Rev. John Vijey'],Rev. John Vijey,1
12WgQHdEUhJPEa070VBzSu,Kanashimino Kasa - YUZU×SEKAI NO OWARI,5,"YUZU, SEKAI NO OWARI","['YUZU', 'SEKAI NO OWARI']",YUZU,2
7vb0HBIs7djp6cOi6G4sU4,Dark Night,5,Hot Chip,['Hot Chip'],Hot Chip,1
36YIyCfpjbBnkDSRJ6Cepa,そして僕は途方に暮れる,5,Yoshiyuki Osawa,['Yoshiyuki Osawa'],Yoshiyuki Osawa,1
1xUcd1sWl6YFV7qLQ8OOu5,16-5m,5,天音,['天音'],天音,1
0XBSZBxvc6BQv6EALhXBaS,All I Ever Wanted,5,Angaleena Presley,['Angaleena Presley'],Angaleena Presley,1
17TVxHSDnHfD3SbiNgSBuZ,Shakka,5,Saison,['Saison'],Saison,1
5MAXrgjFdK8TpEESw40VxA,Al Mirar El Sol - Acústico,5,Banda La Fugitiva De Mike Miramontes,['Banda La Fugitiva De Mike Miramontes'],Banda La Fugitiva De Mike Miramontes,1
2ogUprHxqyn5IoXRraryP1,Ferme les yeux (Berceuse au piano),5,RW l est temps de dormir profondément,['RW l est temps de dormir profondément'],RW l est temps de dormir profondément,1
5aBQ7Td4J1AAr2nKPSz9yJ,"Muzes zustat, muzes jit",5,Helena Vondráčková,['Helena Vondráčková'],Helena Vondráčková,1
0J8kdmQaMmOETQy7vFin87,Simple in Spring,5,Garrett David,['Garrett David'],Garrett David,1
0coukiK7ut0eiODEyijUWS,Asperges me,5,"Orlande de Lassus, Die Singphoniker","['Orlande de Lassus', 'Die Singphoniker']",Orlande de Lassus,2
7If92AaSZmAuU6Tu1Hn5iv,Comoara din casa mea,5,Paula Menga,['Paula Menga'],Paula Menga,1
4lEgwZjicqKkA00cXk7y6j,Tárrega: Recuerdos de la Alhambra,5,"Francisco Tárrega, Giulio Tampalini","['Francisco Tárrega', 'Giulio Tampalini']",Francisco Tárrega,2
6JmbelNpLrDHlDWhTVLC7v,The Train Has Arrived,5,鄭興,['鄭興'],鄭興,1
3P69EQqa5Ezhv18zi7zv45,C(Neuf Neuf),5,中山美穂,['中山美穂'],中山美穂,1
6R2a7jGHEZwoDMDWP9PYAy,Sinfonia a 6 in D Major: III Allegro,5,"Johan Daniel Berlin, Gottfried Von Der Goltz, Norwegian Baroque Orchestra","['Johan Daniel Berlin', 'Gottfried Von Der Goltz', 'Norwegian Baroque Orchestra']",Johan Daniel Berlin,3
22P3bZaHDpUl9vbh1s7tU1,Universe - Nightlife in Paris Mix,5,Amanda Larson,['Amanda Larson'],Amanda Larson,1
1ev9RuTvj2n9yXjGpdJchn,Moe Myint Htet Ka,5,Zwe Htet,['Zwe Htet'],Zwe Htet,1
7bMziUzgWsdur0t27JIFLg,Sfuna Abo Chomi,5,"DJ Tira, Black Motion, Drumetic Boyz","['DJ Tira', 'Black Motion', 'Drumetic Boyz']",DJ Tira,3
260gX1lsz3oxjFhTAs5Mfc,Nobody - Original Mix,5,"Saccao, Gorkiz","['Saccao', 'Gorkiz']",Saccao,2
2oydpIIrA8vwJEi3nPIaHY,Some Other Man Instead (Live),5,Spin Doctors,['Spin Doctors'],Spin Doctors,1
0P8ANrLKiQ5HSpVmdmZwMx,Crazy La Paint (Ultimate Edition),5,Minimusicman,['Minimusicman'],Minimusicman,1
5ojb6goXEQfKedWc5dExZe,Suteki Da Ne (Isn't It Wonderful?) (From Final Fantasy X) [For Flute & Piano Duet],5,daigoro789,['daigoro789'],daigoro789,1
59oAJRA0zzLzl9AXa1R6zh,"Jeevamshamayi (From ""Theevandi"")",5,"K. S. Harisankar, Shreya Ghoshal, Kailas","['K. S. Harisankar', 'Shreya Ghoshal', 'Kailas']",K. S. Harisankar,3
1s4hDcjbLUddDakw5bY0M2,Empire State Of Mind,5,"Lang Lang, Andra Day","['Lang Lang', 'Andra Day']",Lang Lang,2
62BirM2N8qYA79tYGtmGRO,"Semele, HWV 58, Act 2: O Sleep, Why Dost Thou Leave Me? (Arr. for Tiorba)",5,"George Frideric Handel, Josep Maria Martí Duran","['George Frideric Handel', 'Josep Maria Martí Duran']",George Frideric Handel,2
6U0QbItZdGkdhzJ3GgNTDn,Мама,5,Егор и Наталия Лансере,['Егор и Наталия Лансере'],Егор и Наталия Лансере,1
5h6QCcgbkEt5CGlSbI5g5A,Sio Nyong'E,5,Sentya Sapulette,['Sentya Sapulette'],Sentya Sapulette,1
0MoHbTj69oDVQw4MZ0Yvzo,Rsaleh,5,Mahasneh,['Mahasneh'],Mahasneh,1
3glnRILOIbtcrkQuJThksM,Death of a Dream,5,Red Dirt,['Red Dirt'],Red Dirt,1
4w8zkwJgkJkoy7y4dmvxPo,Gentle Whisper (dormir),5,Berceuse Academie,['Berceuse Academie'],Berceuse Academie,1
5BDa8nMNSXSu8tTNmaUnIB,Nothing Left Behind,5,Chris Rea,['Chris Rea'],Chris Rea,1
4e8TU8APuFTZA0xEAkJuTL,Car Crash - Extended Mix,5,Amaya,['Amaya'],Amaya,1
1m5ekJzrjnLBmmgIIMVIoG,Love Jones (feat. Earthquake),5,"Mike Champion, EarthQuake","['Mike Champion', 'EarthQuake']",Mike Champion,2
6zl24sv8WQy6E1y3bIm86i,Adonai - Live,5,Paul Wilbur,['Paul Wilbur'],Paul Wilbur,1
1mQeWRnvm7j3Z5CXiJCEwM,REQUIEM BLUE (feat. Nana Takahashi),5,"SOUND HOLIC, Nana Takahashi","['SOUND HOLIC', 'Nana Takahashi']",SOUND HOLIC,2
69JgODfu6tQuiPnAZuIw62,Nice Day,5,"Pamungkas, The PeoplePeople","['Pamungkas', 'The PeoplePeople']",Pamungkas,2
1n5PNKveUmY0otxTbIVfD9,Berada DekatMu,5,Elfendy Tedja,['Elfendy Tedja'],Elfendy Tedja,1
1GKmoQUh3vHzeJWvmjAW01,Cat Trapped In A Crab Trap - Igor Tipura Remix,5,"Skatebård, Lauer, Crabsticks, Igor Tipura","['Skatebård', 'Lauer', 'Crabsticks', 'Igor Tipura']",Skatebård,4
5EGDefpyaKgdDdcB4Xzg6B,Toecutter,5,Replicant,['Replicant'],Replicant,1
20RmqLVwzTifeQwaMM0lAd,Far From Home - Extended Mix,5,"David Gravell, Ruby Prophet","['David Gravell', 'Ruby Prophet']",David Gravell,2
0xvPTy4JJfvenH2ekg6vhl,100 Bars Bandgschicht,5,Brandhärd,['Brandhärd'],Brandhärd,1
5BRGX6VpJyq3oR55yBwGav,Best Friend,5,Pet Music Academy,['Pet Music Academy'],Pet Music Academy,1
4PdYe1ACIaNcBwwssMitp4,La Purga De Panama (En Vivo),5,La Kritika,['La Kritika'],La Kritika,1
4J4oPOg7aS0SetJyaJEivA,Everytime I See You (Frans Llanos),5,BLUEBETTO,['BLUEBETTO'],BLUEBETTO,1
0jl5CiVUPrlPnWLwONypIz,Иллюзия самоубийства,5,Ежемесячные,['Ежемесячные'],Ежемесячные,1
7ryHoktIAn55AfaFhhHHGQ,You Plus Me,5,Planetself,['Planetself'],Planetself,1
130rilWfcDOMWBbfxdFOan,Ocean of Storms,5,El Búho,['El Búho'],El Búho,1
402ciMtssNFzHU92t6Kxql,Caramelo Con Picante,5,Lazarito Valdés y Bamboleo,['Lazarito Valdés y Bamboleo'],Lazarito Valdés y Bamboleo,1
0jrTqqINxVANXp6K7HXumv,终结日,5,The Life Journey,['The Life Journey'],The Life Journey,1
0ruoSewrWJ9tagzThjeNsC,Infected - V.2K16,5,The Juggernauts,['The Juggernauts'],The Juggernauts,1
6kUi4HydJS98dLVwed9mmE,Witchmaker,5,Killbox,['Killbox'],Killbox,1
3dkA0qllWy3fLnQ3LF8i9C,Washe Your Thoughts (Sea Sounds),5,Chakra Dream,['Chakra Dream'],Chakra Dream,1
7L7xpbqVUzzb7n1NFUAFuW,Böhse Onkelz - Danke für Nichts - Kapitel 149,5,"Edmund Hartsch, Ben Becker, Böhse Onkelz","['Edmund Hartsch', 'Ben Becker', 'Böhse Onkelz']",Edmund Hartsch,3
5qjJ0tgLVqzQRzvs9UPne6,Ad Victoriam (The Battle of Zama),5,Ex Deo,['Ex Deo'],Ex Deo,1
22FRjlR5shYuXKYvBpyVGq,Sense of Purpose - Omegaddon Mix,5,Rosetta Stone,['Rosetta Stone'],Rosetta Stone,1
1wAweEv0PJfEh2eCYHNFoM,Stanky - Live,5,Papa Grows Funk,['Papa Grows Funk'],Papa Grows Funk,1
7nnpx13L4OfnDMSzKBJYUX,南へ,5,UMEMIRU,['UMEMIRU'],UMEMIRU,1
5ZogeAWUcu4X7y6cg7SCpJ,OVER THE RAINBOW - Cloudy Sky mix,5,globe,['globe'],globe,1
0Y6F2Uw1VsnCPoYXZNI9EV,N.B.D. - Original Mix,5,"Hexell, Sixtho, Freyer","['Hexell', 'Sixtho', 'Freyer']",Hexell,3
1xmeHrU7hR8ZUFRT4bTG4s,Jesús Mírame,5,Ge'La,"[""Ge'La""]",Ge'La,1
5IeTij7idewWmskjY4tBv9,It's Our Future - Original,5,AWeX,['AWeX'],AWeX,1
2Xu6rGB2w0QrXF9oI3meZ6,Gud av nåd,5,AnnaMaria Bergqvist,['AnnaMaria Bergqvist'],AnnaMaria Bergqvist,1
3xfUMC8FfQwiTgrfla2uXs,Musashi Mai Uchi,5,Joji Hirota Taiko Drummers,['Joji Hirota Taiko Drummers'],Joji Hirota Taiko Drummers,1
4SwoOOUNsU9DgkOGtXBpvw,Ringo No Kotowari,5,LAMP IN TERREN,['LAMP IN TERREN'],LAMP IN TERREN,1
12GcEJqb2l2xt5BgwuCEsk,Row Your Boat,5,Sandi Thom,['Sandi Thom'],Sandi Thom,1
3DfXqRBRslwjfV8nRE6Ykt,Linda Lunita,5,"Roberto Choque, Romanza ""La Magia del Sentimiento""","['Roberto Choque', 'Romanza ""La Magia del Sentimiento""']",Roberto Choque,2
001OiILKWTwe0sUUR2kQHV,"Lesung Jumengglung (feat. Wulandari, Putri & Suji)",5,"Campursari Sangga Buana, Wulandari, Putri, Suji","['Campursari Sangga Buana', 'Wulandari', 'Putri', 'Suji']",Campursari Sangga Buana,4
4OJkIVOz2XNdwp1lWMSkwM,On est al,5,"Tru Comers, Residentes, La Base","['Tru Comers', 'Residentes', 'La Base']",Tru Comers,3
5PT3zuUYtgn3vmtidgC16n,Katar veli Mangal samayi,5,Shakuntala Jadhav,['Shakuntala Jadhav'],Shakuntala Jadhav,1
6EKXbJFgaJUyT7pwdhqWzH,Ichabod,5,Andy Mientus,['Andy Mientus'],Andy Mientus,1
2d47W0IwGkTvFADnUHoMlr,Litmus,5,"Howling, Frank Wiedemann, RY X","['Howling', 'Frank Wiedemann', 'RY X']",Howling,3
5cPO8dOBMcUgtm69ly30ht,Ice Fairies,5,Lukas De Vrie,['Lukas De Vrie'],Lukas De Vrie,1
6kcIZ2YiBfY4x9f5dAA15P,Frísarnir,5,Hamradun,['Hamradun'],Hamradun,1
4Tut5NbgKCrFKrgeoZHzWc,Alone,5,Bungle,['Bungle'],Bungle,1
6HHqDxt51n0SnnQJj07NHU,La fleur au fusil,5,FT-17,['FT-17'],FT-17,1
32oLGRfFULv4IV5U6IIKUj,Hidden Hand,5,Void Vision,['Void Vision'],Void Vision,1
39uYutD7rgjDiNJfKDwea3,Somebody Dance with Me - Giacca & Flores Instrumental Club Mix,5,"Lika Morgan, C-Ro","['Lika Morgan', 'C-Ro']",Lika Morgan,2
5dB5tmSZ4hoUY36tSkPoxt,Alt Barbat,5,Mellina,['Mellina'],Mellina,1
